customerId,firstName,lastName,email,phone,active,createDate,lastUpdate,address,address2,district,city,postalCode
CUST-001,Mary,Smith,mary.smith@sakilacustomer.org,+351 915263020,True,2025-01-03,2025-01-14,Rua das Flores 32,,Centro,Coimbra,9762
CUST-002,Patricia,Johnson,patricia.johnson@sakilacustomer.org,+351 932748617,True,2025-01-04,2025-01-10,Av. da Liberdade 17,,Norte,Braga,5094
CUST-003,Linda,Williams,linda.williams@sakilacustomer.org,+351 922244862,True,2025-01-05,,Av. Principal 113,,Sul,Braga,4733
CUST-004,Barbara,Jones,barbara.jones@sakilacustomer.org,+351 938414191,True,2025-01-06,,Rua Central 76,,Centro,Lisboa,3121
CUST-005,Elizabeth,Brown,elizabeth.brown@sakilacustomer.org,+351 940877020,True,2025-01-07,2025-01-26,Av. da Liberdade 61,,Centro,Coimbra,3378
CUST-006,Jennifer,Davis,jennifer.davis@sakilacustomer.org,+351 911050430,True,2025-01-08,,Rua das Flores 43,,Centro,Faro,1098
CUST-007,Maria,Miller,maria.miller@sakilacustomer.org,+351 968248609,True,2025-01-09,,Av. Principal 71,,Norte,Braga,5049
CUST-008,Susan,Wilson,susan.wilson@sakilacustomer.org,+351 942121825,True,2025-01-10,,Av. Principal 105,,Sul,Lisboa,7894
CUST-009,Margaret,Moore,margaret.moore@sakilacustomer.org,+351 937563007,True,2025-01-11,,Rua Central 30,,Centro,Lisboa,6043
CUST-010,Dorothy,Taylor,dorothy.taylor@sakilacustomer.org,+351 987334492,True,2025-01-12,2025-01-28,Av. da Liberdade 29,,Sul,Coimbra,9626
CUST-011,Lisa,Anderson,lisa.anderson@sakilacustomer.org,+351 942751357,True,2025-01-13,2025-01-26,Av. Principal 53,,Norte,Lisboa,4072
CUST-012,Nancy,Thomas,nancy.thomas@sakilacustomer.org,+351 912489569,True,2025-01-14,,Av. Principal 111,,Centro,Coimbra,7345
CUST-013,Karen,Jackson,karen.jackson@sakilacustomer.org,+351 959742842,True,2025-01-15,,Rua das Flores 97,,Sul,Lisboa,6356
CUST-014,Betty,White,betty.white@sakilacustomer.org,+351 945306949,True,2025-01-16,2025-02-02,Av. da Liberdade 39,,Sul,Braga,8069
CUST-015,Helen,Harris,helen.harris@sakilacustomer.org,+351 998567452,True,2025-01-17,,Av. da Liberdade 10,,Sul,Faro,2599
CUST-016,Sandra,Martin,sandra.martin@sakilacustomer.org,+351 918008983,False,2025-01-18,,Rua das Flores 184,,Centro,Porto,1871
CUST-017,Donna,Thompson,donna.thompson@sakilacustomer.org,+351 966145367,True,2024-12-15,,Av. Principal 127,,Norte,Porto,2428
CUST-018,Carol,Garcia,carol.garcia@sakilacustomer.org,+351 915217739,True,2024-12-16,,Rua das Flores 123,,Sul,Porto,3091
CUST-019,Ruth,Martinez,ruth.martinez@sakilacustomer.org,+351 923533480,True,2025-01-21,2025-01-31,Rua das Flores 13,,Norte,Braga,7836
CUST-020,Sharon,Robinson,sharon.robinson@sakilacustomer.org,+351 985813715,True,2025-01-02,,Rua Central 167,,Sul,Lisboa,2037
CUST-021,Michelle,Clark,michelle.clark@sakilacustomer.org,+351 912943945,True,2024-12-19,,Av. Principal 151,,Centro,Faro,4456
CUST-022,Laura,Rodriguez,laura.rodriguez@sakilacustomer.org,+351 956455093,True,2025-01-04,,Rua Central 77,,Centro,Braga,3365
CUST-023,Sarah,Lewis,sarah.lewis@sakilacustomer.org,+351 995306035,True,2024-12-21,2025-01-04,Rua das Flores 123,,Norte,Braga,9193
CUST-024,Kimberly,Lee,kimberly.lee@sakilacustomer.org,+351 957513926,True,2025-01-06,2025-01-11,Rua das Flores 124,,Norte,Faro,6854
CUST-025,Deborah,Walker,deborah.walker@sakilacustomer.org,+351 936205377,True,2025-01-07,2025-01-17,Rua Central 112,,Centro,Lisboa,4336
CUST-026,Jessica,Hall,jessica.hall@sakilacustomer.org,+351 917086943,True,2025-01-08,,Rua das Flores 170,,Centro,Faro,2394
CUST-027,Shirley,Allen,shirley.allen@sakilacustomer.org,+351 915299215,True,2024-12-25,,Av. da Liberdade 90,,Centro,Lisboa,7535
CUST-028,Cynthia,Young,cynthia.young@sakilacustomer.org,+351 916062062,True,2025-01-10,,Rua das Flores 130,,Norte,Faro,8530
CUST-029,Angela,Hernandez,angela.hernandez@sakilacustomer.org,+351 969581656,True,2024-12-27,,Av. Principal 111,,Sul,Faro,9777
CUST-030,Melissa,King,melissa.king@sakilacustomer.org,+351 987544444,True,2025-01-12,2025-01-25,Rua das Flores 163,,Sul,Lisboa,4699
CUST-031,Brenda,Wright,brenda.wright@sakilacustomer.org,+351 931617605,True,2025-01-13,2025-01-26,Av. Principal 45,,Norte,Braga,1573
CUST-032,Amy,Lopez,amy.lopez@sakilacustomer.org,+351 954731034,True,2025-01-14,,Rua Central 99,,Centro,Braga,6981
CUST-033,Anna,Hill,anna.hill@sakilacustomer.org,+351 966464800,True,2024-12-31,,Rua Central 68,,Norte,Braga,5768
CUST-034,Rebecca,Scott,rebecca.scott@sakilacustomer.org,+351 938493414,True,2025-01-16,2025-02-05,Av. Principal 164,,Centro,Porto,6003
CUST-035,Virginia,Green,virginia.green@sakilacustomer.org,+351 974045449,True,2025-01-17,,Rua das Flores 96,,Sul,Lisboa,1511
CUST-036,Kathleen,Adams,kathleen.adams@sakilacustomer.org,+351 933563556,True,2025-01-18,,Av. da Liberdade 176,,Sul,Coimbra,3258
CUST-037,Pamela,Baker,pamela.baker@sakilacustomer.org,+351 956177925,True,2025-01-19,,Av. Principal 57,,Norte,Lisboa,6199
CUST-038,Martha,Gonzalez,martha.gonzalez@sakilacustomer.org,+351 985451236,True,2025-01-20,,Rua das Flores 100,,Centro,Porto,3400
CUST-039,Debra,Nelson,debra.nelson@sakilacustomer.org,+351 995867171,True,2025-01-21,,Rua Central 176,,Centro,Lisboa,8759
CUST-040,Amanda,Carter,amanda.carter@sakilacustomer.org,+351 986134684,True,2025-01-02,2025-01-18,Rua Central 140,,Sul,Lisboa,5984
CUST-041,Stephanie,Mitchell,stephanie.mitchell@sakilacustomer.org,+351 994195743,True,2025-01-03,,Av. Principal 80,,Centro,Porto,1098
CUST-042,Carolyn,Perez,carolyn.perez@sakilacustomer.org,+351 959958459,True,2025-01-04,,Rua das Flores 72,,Norte,Coimbra,1552
CUST-043,Christine,Roberts,christine.roberts@sakilacustomer.org,+351 936987225,True,2025-01-05,,Av. Principal 124,,Norte,Braga,1107
CUST-044,Marie,Turner,marie.turner@sakilacustomer.org,+351 963933169,True,2024-12-25,,Rua das Flores 29,,Norte,Lisboa,8297
CUST-045,Janet,Phillips,janet.phillips@sakilacustomer.org,+351 981581732,True,2025-01-07,,Rua Central 67,,Norte,Coimbra,7926
CUST-046,Catherine,Campbell,catherine.campbell@sakilacustomer.org,+351 978264784,True,2025-01-08,,Rua Central 16,,Centro,Faro,7083
CUST-047,Frances,Parker,frances.parker@sakilacustomer.org,+351 977627857,True,2025-01-09,2025-01-17,Av. da Liberdade 56,,Norte,Porto,7522
CUST-048,Ann,Evans,ann.evans@sakilacustomer.org,+351 947693415,True,2025-01-10,,Rua das Flores 51,,Norte,Braga,7205
CUST-049,Joyce,Edwards,joyce.edwards@sakilacustomer.org,+351 925016968,True,2024-12-30,2025-01-18,Rua Central 111,,Centro,Braga,9548
CUST-050,Diane,Collins,diane.collins@sakilacustomer.org,+351 985769992,True,2025-01-12,,Av. Principal 27,,Centro,Faro,7777
CUST-051,Alice,Stewart,alice.stewart@sakilacustomer.org,+351 942371589,True,2025-01-13,,Av. Principal 199,,Centro,Porto,7222
CUST-052,Julie,Sanchez,julie.sanchez@sakilacustomer.org,+351 959800101,True,2024-12-16,,Rua das Flores 134,,Norte,Faro,1066
CUST-053,Heather,Morris,heather.morris@sakilacustomer.org,+351 935321905,True,2025-01-15,,Av. da Liberdade 6,,Sul,Porto,8941
CUST-054,Teresa,Rogers,teresa.rogers@sakilacustomer.org,+351 992492342,True,2025-01-16,,Av. da Liberdade 136,,Sul,Braga,4714
CUST-055,Doris,Reed,doris.reed@sakilacustomer.org,+351 989648843,True,2024-12-19,,Av. Principal 150,,Norte,Coimbra,2764
CUST-056,Gloria,Cook,gloria.cook@sakilacustomer.org,+351 918347832,True,2025-01-18,,Rua das Flores 48,,Norte,Porto,1570
CUST-057,Evelyn,Morgan,evelyn.morgan@sakilacustomer.org,+351 965409190,True,2025-01-19,,Av. Principal 99,,Norte,Porto,9873
CUST-058,Jean,Bell,jean.bell@sakilacustomer.org,+351 945174054,True,2024-12-22,,Rua Central 15,,Norte,Porto,3541
CUST-059,Cheryl,Murphy,cheryl.murphy@sakilacustomer.org,+351 984797919,True,2025-01-21,2025-01-26,Av. da Liberdade 103,,Norte,Coimbra,8911
CUST-060,Mildred,Bailey,mildred.bailey@sakilacustomer.org,+351 993018977,True,2025-01-02,,Av. da Liberdade 3,,Centro,Porto,9517
CUST-061,Katherine,Rivera,katherine.rivera@sakilacustomer.org,+351 957945512,True,2025-01-03,,Av. da Liberdade 195,,Sul,Coimbra,6224
CUST-062,Joan,Cooper,joan.cooper@sakilacustomer.org,+351 970104191,True,2025-01-04,2025-01-22,Rua Central 197,,Norte,Lisboa,6326
CUST-063,Ashley,Richardson,ashley.richardson@sakilacustomer.org,+351 974157037,True,2024-12-27,2025-01-15,Rua das Flores 73,,Sul,Coimbra,4245
CUST-064,Judith,Cox,judith.cox@sakilacustomer.org,+351 942343351,False,2024-12-28,,Rua Central 40,,Norte,Coimbra,7577
CUST-065,Rose,Howard,rose.howard@sakilacustomer.org,+351 923789993,True,2025-01-07,,Rua Central 149,,Centro,Coimbra,9640
CUST-066,Janice,Ward,janice.ward@sakilacustomer.org,+351 998891297,True,2025-01-08,2025-01-20,Rua das Flores 86,,Sul,Lisboa,6217
CUST-067,Kelly,Torres,kelly.torres@sakilacustomer.org,+351 974821954,True,2025-01-09,,Av. Principal 35,,Centro,Coimbra,6476
CUST-068,Nicole,Peterson,nicole.peterson@sakilacustomer.org,+351 965392607,True,2025-01-10,,Av. Principal 40,,Centro,Porto,8044
CUST-069,Judy,Gray,judy.gray@sakilacustomer.org,+351 964123019,True,2025-01-11,2025-01-16,Rua Central 129,,Centro,Porto,4964
CUST-070,Christina,Ramirez,christina.ramirez@sakilacustomer.org,+351 977296169,True,2025-01-12,,Av. da Liberdade 139,,Sul,Braga,9799
CUST-071,Kathy,James,kathy.james@sakilacustomer.org,+351 973658518,True,2025-01-13,2025-01-18,Rua das Flores 164,,Centro,Faro,8865
CUST-072,Theresa,Watson,theresa.watson@sakilacustomer.org,+351 982412773,True,2025-01-14,2025-01-19,Av. Principal 33,,Norte,Porto,2476
CUST-073,Beverly,Brooks,beverly.brooks@sakilacustomer.org,+351 932673919,True,2024-12-20,,Av. Principal 51,,Sul,Faro,3177
CUST-074,Denise,Kelly,denise.kelly@sakilacustomer.org,+351 979620633,True,2025-01-16,2025-02-03,Rua das Flores 167,,Centro,Faro,7557
CUST-075,Tammy,Sanders,tammy.sanders@sakilacustomer.org,+351 986732889,True,2025-01-17,2025-02-04,Av. Principal 158,,Centro,Faro,1775
CUST-076,Irene,Price,irene.price@sakilacustomer.org,+351 977450590,True,2025-01-18,,Av. da Liberdade 115,,Centro,Porto,7010
CUST-077,Jane,Bennett,jane.bennett@sakilacustomer.org,+351 985390736,True,2025-01-19,2025-02-04,Av. da Liberdade 100,,Sul,Porto,6497
CUST-078,Lori,Wood,lori.wood@sakilacustomer.org,+351 938324604,True,2025-01-20,,Rua Central 29,,Sul,Porto,5686
CUST-079,Rachel,Barnes,rachel.barnes@sakilacustomer.org,+351 942607779,True,2024-12-26,2025-01-01,Av. da Liberdade 10,,Sul,Braga,2700
CUST-080,Marilyn,Ross,marilyn.ross@sakilacustomer.org,+351 952892070,True,2025-01-02,,Rua das Flores 61,,Centro,Porto,7790
CUST-081,Andrea,Henderson,andrea.henderson@sakilacustomer.org,+351 935835782,True,2024-12-28,2025-01-06,Av. Principal 55,,Norte,Coimbra,3211
CUST-082,Kathryn,Coleman,kathryn.coleman@sakilacustomer.org,+351 943527745,True,2025-01-04,,Av. da Liberdade 69,,Norte,Coimbra,2754
CUST-083,Louise,Jenkins,louise.jenkins@sakilacustomer.org,+351 987963334,True,2025-01-05,2025-01-15,Rua das Flores 186,,Sul,Lisboa,7358
CUST-084,Sara,Perry,sara.perry@sakilacustomer.org,+351 991805322,True,2024-12-31,2025-01-20,Rua das Flores 4,,Centro,Coimbra,9959
CUST-085,Anne,Powell,anne.powell@sakilacustomer.org,+351 980604179,True,2025-01-07,,Rua das Flores 112,,Sul,Braga,6438
CUST-086,Jacqueline,Long,jacqueline.long@sakilacustomer.org,+351 921998905,True,2025-01-08,2025-01-13,Av. da Liberdade 30,,Sul,Coimbra,9889
CUST-087,Wanda,Patterson,wanda.patterson@sakilacustomer.org,+351 942242534,True,2024-12-17,,Rua das Flores 90,,Centro,Braga,4155
CUST-088,Bonnie,Hughes,bonnie.hughes@sakilacustomer.org,+351 947599596,True,2025-01-10,,Av. da Liberdade 31,,Norte,Lisboa,9177
CUST-089,Julia,Flores,julia.flores@sakilacustomer.org,+351 933901859,True,2025-01-11,,Av. Principal 121,,Sul,Faro,2864
CUST-090,Ruby,Washington,ruby.washington@sakilacustomer.org,+351 963838679,True,2025-01-12,,Rua Central 71,,Norte,Braga,3165
CUST-091,Lois,Butler,lois.butler@sakilacustomer.org,+351 937138841,True,2024-12-21,2025-01-07,Rua Central 166,,Sul,Lisboa,8663
CUST-092,Tina,Simmons,tina.simmons@sakilacustomer.org,+351 992381449,True,2025-01-14,,Av. da Liberdade 74,,Sul,Braga,4923
CUST-093,Phyllis,Foster,phyllis.foster@sakilacustomer.org,+351 954857534,True,2025-01-15,,Rua das Flores 40,,Centro,Lisboa,9492
CUST-094,Norma,Gonzales,norma.gonzales@sakilacustomer.org,+351 960596594,True,2025-01-16,,Rua Central 132,,Norte,Lisboa,1075
CUST-095,Paula,Bryant,paula.bryant@sakilacustomer.org,+351 988559372,True,2025-01-17,2025-01-21,Rua Central 23,,Sul,Lisboa,9837
CUST-096,Diana,Alexander,diana.alexander@sakilacustomer.org,+351 970330305,True,2025-01-18,,Av. Principal 81,,Norte,Faro,9822
CUST-097,Annie,Russell,annie.russell@sakilacustomer.org,+351 919799587,True,2025-01-19,2025-02-06,Rua Central 116,,Norte,Faro,9494
CUST-098,Lillian,Griffin,lillian.griffin@sakilacustomer.org,+351 915745142,True,2025-01-20,,Rua das Flores 17,,Sul,Coimbra,9045
CUST-099,Emily,Diaz,emily.diaz@sakilacustomer.org,+351 968767851,True,2025-01-21,,Av. da Liberdade 105,,Centro,Coimbra,3669
CUST-100,Robin,Hayes,robin.hayes@sakilacustomer.org,+351 958699006,True,2025-01-02,2025-01-07,Av. Principal 139,,Centro,Faro,1995
CUST-101,Peggy,Myers,peggy.myers@sakilacustomer.org,+351 996266872,True,2025-01-03,2025-01-09,Rua das Flores 136,,Norte,Porto,3516
CUST-102,Crystal,Ford,crystal.ford@sakilacustomer.org,+351 979376888,True,2024-12-15,,Rua Central 18,,Centro,Faro,6781
CUST-103,Gladys,Hamilton,gladys.hamilton@sakilacustomer.org,+351 923752251,True,2025-01-05,2025-01-10,Rua das Flores 25,,Centro,Coimbra,5688
CUST-104,Rita,Graham,rita.graham@sakilacustomer.org,+351 929928718,True,2025-01-06,,Av. Principal 27,,Centro,Porto,5767
CUST-105,Dawn,Sullivan,dawn.sullivan@sakilacustomer.org,+351 942142172,True,2025-01-07,,Rua Central 183,,Norte,Braga,1817
CUST-106,Connie,Wallace,connie.wallace@sakilacustomer.org,+351 940482322,True,2025-01-08,,Rua das Flores 116,,Sul,Lisboa,8234
CUST-107,Florence,Woods,florence.woods@sakilacustomer.org,+351 959752043,True,2025-01-09,,Av. da Liberdade 47,,Norte,Lisboa,4140
CUST-108,Tracy,Cole,tracy.cole@sakilacustomer.org,+351 991763135,True,2025-01-10,2025-01-23,Av. Principal 132,,Norte,Lisboa,7583
CUST-109,Edna,West,edna.west@sakilacustomer.org,+351 986077021,True,2024-12-22,,Rua das Flores 187,,Centro,Braga,1815
CUST-110,Tiffany,Jordan,tiffany.jordan@sakilacustomer.org,+351 961388179,True,2025-01-12,,Av. Principal 66,,Centro,Porto,8697
CUST-111,Carmen,Owens,carmen.owens@sakilacustomer.org,+351 960604304,True,2025-01-13,2025-02-02,Av. da Liberdade 55,,Norte,Coimbra,5182
CUST-112,Rosa,Reynolds,rosa.reynolds@sakilacustomer.org,+351 923604002,True,2025-01-14,2025-01-28,Rua das Flores 134,,Sul,Braga,3080
CUST-113,Cindy,Fisher,cindy.fisher@sakilacustomer.org,+351 927269626,True,2024-12-26,,Av. da Liberdade 78,,Sul,Braga,9561
CUST-114,Grace,Ellis,grace.ellis@sakilacustomer.org,+351 944246604,True,2025-01-16,2025-02-05,Rua das Flores 16,,Centro,Braga,2758
CUST-115,Wendy,Harrison,wendy.harrison@sakilacustomer.org,+351 945848978,True,2025-01-17,,Av. Principal 127,,Centro,Braga,5495
CUST-116,Victoria,Gibson,victoria.gibson@sakilacustomer.org,+351 985525050,True,2024-12-29,,Av. da Liberdade 181,,Sul,Coimbra,4080
CUST-117,Edith,Mcdonald,edith.mcdonald@sakilacustomer.org,+351 978514919,True,2025-01-19,,Av. da Liberdade 55,,Norte,Porto,2555
CUST-118,Kim,Cruz,kim.cruz@sakilacustomer.org,+351 947262859,True,2025-01-20,,Rua das Flores 9,,Norte,Faro,4870
CUST-119,Sherry,Marshall,sherry.marshall@sakilacustomer.org,+351 963018939,True,2024-12-15,2024-12-21,Rua das Flores 178,,Norte,Faro,4539
CUST-120,Sylvia,Ortiz,sylvia.ortiz@sakilacustomer.org,+351 944575372,True,2024-12-16,,Rua das Flores 32,,Norte,Porto,6688
CUST-121,Josephine,Gomez,josephine.gomez@sakilacustomer.org,+351 920738603,True,2025-01-03,2025-01-12,Rua Central 52,,Norte,Lisboa,7668
CUST-122,Thelma,Murray,thelma.murray@sakilacustomer.org,+351 940416388,True,2025-01-04,2025-01-15,Av. da Liberdade 114,,Norte,Braga,3154
CUST-123,Shannon,Freeman,shannon.freeman@sakilacustomer.org,+351 966984929,True,2025-01-05,2025-01-09,Av. da Liberdade 112,,Sul,Faro,9146
CUST-124,Sheila,Wells,sheila.wells@sakilacustomer.org,+351 962489060,False,2025-01-06,,Rua das Flores 128,,Centro,Faro,9587
CUST-125,Ethel,Webb,ethel.webb@sakilacustomer.org,+351 919040970,True,2025-01-07,2025-01-14,Rua das Flores 137,,Centro,Lisboa,6028
CUST-126,Ellen,Simpson,ellen.simpson@sakilacustomer.org,+351 947905086,True,2025-01-08,2025-01-25,Av. Principal 66,,Norte,Lisboa,2683
CUST-127,Elaine,Stevens,elaine.stevens@sakilacustomer.org,+351 938128592,True,2025-01-09,,Rua Central 61,,Sul,Coimbra,3414
CUST-128,Marjorie,Tucker,marjorie.tucker@sakilacustomer.org,+351 928709239,True,2025-01-10,2025-01-17,Av. Principal 182,,Centro,Coimbra,3657
CUST-129,Carrie,Porter,carrie.porter@sakilacustomer.org,+351 969463215,True,2025-01-11,,Rua das Flores 119,,Sul,Braga,9623
CUST-130,Charlotte,Hunter,charlotte.hunter@sakilacustomer.org,+351 963844269,True,2025-01-12,2025-01-19,Rua Central 64,,Sul,Porto,5744
CUST-131,Monica,Hicks,monica.hicks@sakilacustomer.org,+351 934824399,True,2025-01-13,,Rua das Flores 17,,Centro,Porto,7399
CUST-132,Esther,Crawford,esther.crawford@sakilacustomer.org,+351 910674782,True,2024-12-28,,Av. da Liberdade 138,,Centro,Lisboa,5796
CUST-133,Pauline,Henry,pauline.henry@sakilacustomer.org,+351 997133978,True,2025-01-15,,Av. Principal 62,,Sul,Faro,1625
CUST-134,Emma,Boyd,emma.boyd@sakilacustomer.org,+351 950452633,True,2025-01-16,,Rua Central 104,,Norte,Faro,4417
CUST-135,Juanita,Mason,juanita.mason@sakilacustomer.org,+351 925710527,True,2025-01-17,,Rua Central 3,,Sul,Lisboa,3373
CUST-136,Anita,Morales,anita.morales@sakilacustomer.org,+351 926539716,True,2024-12-15,,Av. da Liberdade 41,,Centro,Lisboa,8999
CUST-137,Rhonda,Kennedy,rhonda.kennedy@sakilacustomer.org,+351 917262766,True,2025-01-19,,Rua das Flores 7,,Sul,Porto,6781
CUST-138,Hazel,Warren,hazel.warren@sakilacustomer.org,+351 964632375,True,2025-01-20,2025-01-28,Av. Principal 77,,Centro,Braga,3639
CUST-139,Amber,Dixon,amber.dixon@sakilacustomer.org,+351 992272817,True,2024-12-18,2024-12-31,Rua das Flores 124,,Norte,Lisboa,6203
CUST-140,Eva,Ramos,eva.ramos@sakilacustomer.org,+351 923149101,True,2025-01-02,,Rua Central 12,,Sul,Braga,3680
CUST-141,Debbie,Reyes,debbie.reyes@sakilacustomer.org,+351 946842098,True,2025-01-03,,Rua das Flores 126,,Norte,Porto,4099
CUST-142,April,Burns,april.burns@sakilacustomer.org,+351 987055935,True,2025-01-04,2025-01-10,Rua das Flores 135,,Norte,Porto,3031
CUST-143,Leslie,Gordon,leslie.gordon@sakilacustomer.org,+351 920320789,True,2025-01-05,2025-01-23,Av. da Liberdade 130,,Centro,Faro,6199
CUST-144,Clara,Shaw,clara.shaw@sakilacustomer.org,+351 919750826,True,2025-01-06,,Av. da Liberdade 46,,Centro,Faro,9418
CUST-145,Lucille,Holmes,lucille.holmes@sakilacustomer.org,+351 982861999,True,2025-01-07,,Av. da Liberdade 146,,Sul,Porto,1000
CUST-146,Jamie,Rice,jamie.rice@sakilacustomer.org,+351 929715520,True,2025-01-08,2025-01-11,Av. da Liberdade 185,,Norte,Faro,5556
CUST-147,Joanne,Robertson,joanne.robertson@sakilacustomer.org,+351 983947831,True,2025-01-09,,Av. da Liberdade 154,,Centro,Braga,2067
CUST-148,Eleanor,Hunt,eleanor.hunt@sakilacustomer.org,+351 956173459,True,2025-01-10,2025-01-21,Rua Central 64,,Sul,Lisboa,9458
CUST-149,Valerie,Black,valerie.black@sakilacustomer.org,+351 993445678,True,2025-01-11,,Av. da Liberdade 129,,Sul,Porto,6920
CUST-150,Danielle,Daniels,danielle.daniels@sakilacustomer.org,+351 919793827,True,2025-01-12,,Rua das Flores 142,,Centro,Porto,2313
CUST-151,Megan,Palmer,megan.palmer@sakilacustomer.org,+351 983582489,True,2025-01-13,2025-01-24,Rua Central 197,,Centro,Braga,7928
CUST-152,Alicia,Mills,alicia.mills@sakilacustomer.org,+351 927533206,True,2025-01-14,,Av. Principal 114,,Sul,Porto,5738
CUST-153,Suzanne,Nichols,suzanne.nichols@sakilacustomer.org,+351 974768976,True,2025-01-15,2025-01-31,Rua das Flores 14,,Norte,Porto,6920
CUST-154,Michele,Grant,michele.grant@sakilacustomer.org,+351 962172474,True,2025-01-16,,Rua das Flores 141,,Sul,Faro,6927
CUST-155,Gail,Knight,gail.knight@sakilacustomer.org,+351 953642246,True,2025-01-17,,Av. da Liberdade 155,,Centro,Braga,2436
CUST-156,Bertha,Ferguson,bertha.ferguson@sakilacustomer.org,+351 965165872,True,2025-01-18,,Av. da Liberdade 78,,Norte,Lisboa,3710
CUST-157,Darlene,Rose,darlene.rose@sakilacustomer.org,+351 958441016,True,2025-01-19,2025-02-04,Av. Principal 151,,Sul,Faro,5342
CUST-158,Veronica,Stone,veronica.stone@sakilacustomer.org,+351 999430789,True,2025-01-20,,Rua Central 140,,Sul,Braga,6590
CUST-159,Jill,Hawkins,jill.hawkins@sakilacustomer.org,+351 979750078,True,2025-01-21,,Av. da Liberdade 53,,Norte,Faro,3974
CUST-160,Erin,Dunn,erin.dunn@sakilacustomer.org,+351 944965887,True,2025-01-02,,Rua Central 146,,Norte,Braga,3256
CUST-161,Geraldine,Perkins,geraldine.perkins@sakilacustomer.org,+351 985856320,True,2025-01-03,2025-01-16,Rua das Flores 131,,Norte,Porto,2552
CUST-162,Lauren,Hudson,lauren.hudson@sakilacustomer.org,+351 973937651,True,2025-01-04,,Av. da Liberdade 166,,Centro,Faro,7453
CUST-163,Cathy,Spencer,cathy.spencer@sakilacustomer.org,+351 955101235,True,2025-01-05,,Av. da Liberdade 146,,Sul,Faro,7040
CUST-164,Joann,Gardner,joann.gardner@sakilacustomer.org,+351 999847417,True,2025-01-06,,Av. Principal 117,,Norte,Porto,1175
CUST-165,Lorraine,Stephens,lorraine.stephens@sakilacustomer.org,+351 935487915,True,2025-01-07,,Rua Central 149,,Norte,Braga,5534
CUST-166,Lynn,Payne,lynn.payne@sakilacustomer.org,+351 914931735,True,2025-01-08,2025-01-23,Rua das Flores 58,,Centro,Porto,1563
CUST-167,Sally,Pierce,sally.pierce@sakilacustomer.org,+351 910861343,True,2025-01-09,,Rua Central 195,,Centro,Braga,2343
CUST-168,Regina,Berry,regina.berry@sakilacustomer.org,+351 942481614,True,2025-01-10,,Rua das Flores 156,,Sul,Faro,2962
CUST-169,Erica,Matthews,erica.matthews@sakilacustomer.org,+351 984847992,False,2025-01-11,2025-01-23,Av. Principal 7,,Norte,Faro,9552
CUST-170,Beatrice,Arnold,beatrice.arnold@sakilacustomer.org,+351 923169736,True,2025-01-12,,Av. da Liberdade 30,,Norte,Faro,3201
CUST-171,Dolores,Wagner,dolores.wagner@sakilacustomer.org,+351 944567961,True,2025-01-13,,Av. Principal 45,,Centro,Lisboa,3245
CUST-172,Bernice,Willis,bernice.willis@sakilacustomer.org,+351 953838353,True,2025-01-14,,Rua Central 40,,Norte,Coimbra,2280
CUST-173,Audrey,Ray,audrey.ray@sakilacustomer.org,+351 966788168,True,2025-01-15,,Av. da Liberdade 150,,Centro,Porto,2315
CUST-174,Yvonne,Watkins,yvonne.watkins@sakilacustomer.org,+351 947779859,True,2024-12-19,,Av. da Liberdade 10,,Norte,Coimbra,9017
CUST-175,Annette,Olson,annette.olson@sakilacustomer.org,+351 950087176,True,2025-01-17,2025-01-30,Av. da Liberdade 82,,Sul,Coimbra,4494
CUST-176,June,Carroll,june.carroll@sakilacustomer.org,+351 946243773,True,2025-01-18,,Rua das Flores 178,,Norte,Faro,2031
CUST-177,Samantha,Duncan,samantha.duncan@sakilacustomer.org,+351 935879994,True,2025-01-19,,Av. da Liberdade 136,,Sul,Braga,8977
CUST-178,Marion,Snyder,marion.snyder@sakilacustomer.org,+351 959777140,True,2024-12-23,2024-12-27,Rua Central 66,,Centro,Faro,1256
CUST-179,Dana,Hart,dana.hart@sakilacustomer.org,+351 924129380,True,2025-01-21,,Av. da Liberdade 144,,Centro,Faro,5786
CUST-180,Stacy,Cunningham,stacy.cunningham@sakilacustomer.org,+351 930993281,True,2024-12-25,2025-01-10,Av. Principal 21,,Centro,Coimbra,6953
CUST-181,Ana,Bradley,ana.bradley@sakilacustomer.org,+351 941063012,True,2024-12-26,,Rua das Flores 101,,Norte,Porto,5425
CUST-182,Renee,Lane,renee.lane@sakilacustomer.org,+351 918308311,True,2025-01-04,,Rua das Flores 176,,Norte,Porto,5894
CUST-183,Ida,Andrews,ida.andrews@sakilacustomer.org,+351 917892853,True,2025-01-05,2025-01-08,Rua Central 141,,Norte,Braga,5801
CUST-184,Vivian,Ruiz,vivian.ruiz@sakilacustomer.org,+351 988458855,True,2024-12-29,,Rua Central 69,,Sul,Lisboa,8971
CUST-185,Roberta,Harper,roberta.harper@sakilacustomer.org,+351 953092099,True,2024-12-30,,Rua das Flores 88,,Sul,Faro,4437
CUST-186,Holly,Fox,holly.fox@sakilacustomer.org,+351 939331479,True,2025-01-08,,Av. da Liberdade 183,,Norte,Faro,4284
CUST-187,Brittany,Riley,brittany.riley@sakilacustomer.org,+351 949404973,True,2025-01-09,,Av. da Liberdade 88,,Sul,Porto,4996
CUST-188,Melanie,Armstrong,melanie.armstrong@sakilacustomer.org,+351 944757480,True,2025-01-10,,Rua Central 102,,Sul,Coimbra,3655
CUST-189,Loretta,Carpenter,loretta.carpenter@sakilacustomer.org,+351 922781993,True,2025-01-11,2025-01-28,Rua Central 135,,Centro,Porto,4221
CUST-190,Yolanda,Weaver,yolanda.weaver@sakilacustomer.org,+351 932654299,True,2025-01-12,,Av. da Liberdade 123,,Norte,Coimbra,1982
CUST-191,Jeanette,Greene,jeanette.greene@sakilacustomer.org,+351 936037750,True,2025-01-13,,Rua Central 26,,Sul,Coimbra,6243
CUST-192,Laurie,Lawrence,laurie.lawrence@sakilacustomer.org,+351 966123529,True,2024-12-20,,Av. Principal 199,,Centro,Coimbra,7843
CUST-193,Katie,Elliott,katie.elliott@sakilacustomer.org,+351 966990632,True,2025-01-15,,Av. da Liberdade 25,,Sul,Porto,1125
CUST-194,Kristen,Chavez,kristen.chavez@sakilacustomer.org,+351 987179225,True,2024-12-22,,Av. Principal 115,,Sul,Coimbra,6537
CUST-195,Vanessa,Sims,vanessa.sims@sakilacustomer.org,+351 938402394,True,2024-12-23,,Rua Central 34,,Sul,Coimbra,5863
CUST-196,Alma,Austin,alma.austin@sakilacustomer.org,+351 923482157,True,2025-01-18,2025-01-28,Av. da Liberdade 193,,Norte,Lisboa,3794
CUST-197,Sue,Peters,sue.peters@sakilacustomer.org,+351 951548548,True,2024-12-25,2025-01-13,Av. da Liberdade 125,,Norte,Porto,3759
CUST-198,Elsie,Kelley,elsie.kelley@sakilacustomer.org,+351 951512174,True,2025-01-20,2025-02-06,Rua das Flores 114,,Centro,Lisboa,8973
CUST-199,Beth,Franklin,beth.franklin@sakilacustomer.org,+351 977354504,True,2025-01-21,2025-02-01,Av. Principal 141,,Sul,Faro,8030
CUST-200,Jeanne,Lawson,jeanne.lawson@sakilacustomer.org,+351 918770636,True,2025-01-02,,Rua Central 60,,Centro,Braga,4952
CUST-201,Vicki,Fields,vicki.fields@sakilacustomer.org,+351 922746479,True,2025-01-03,2025-01-18,Rua das Flores 167,,Sul,Coimbra,7796
CUST-202,Carla,Gutierrez,carla.gutierrez@sakilacustomer.org,+351 933356179,True,2025-01-04,,Av. Principal 15,,Centro,Faro,2693
CUST-203,Tara,Ryan,tara.ryan@sakilacustomer.org,+351 995894301,True,2025-01-05,,Av. Principal 52,,Norte,Braga,2495
CUST-204,Rosemary,Schmidt,rosemary.schmidt@sakilacustomer.org,+351 915945408,True,2025-01-06,,Av. Principal 145,,Centro,Faro,6612
CUST-205,Eileen,Carr,eileen.carr@sakilacustomer.org,+351 923710914,True,2025-01-07,,Av. da Liberdade 91,,Centro,Faro,5842
CUST-206,Terri,Vasquez,terri.vasquez@sakilacustomer.org,+351 972411330,True,2024-12-17,,Av. Principal 188,,Centro,Faro,3841
CUST-207,Gertrude,Castillo,gertrude.castillo@sakilacustomer.org,+351 965968415,True,2025-01-09,,Rua das Flores 172,,Centro,Coimbra,5918
CUST-208,Lucy,Wheeler,lucy.wheeler@sakilacustomer.org,+351 943304362,True,2025-01-10,,Av. da Liberdade 98,,Centro,Braga,2486
CUST-209,Tonya,Chapman,tonya.chapman@sakilacustomer.org,+351 981048272,True,2025-01-11,,Rua das Flores 200,,Centro,Coimbra,5596
CUST-210,Ella,Oliver,ella.oliver@sakilacustomer.org,+351 966172326,True,2025-01-12,,Av. da Liberdade 51,,Sul,Coimbra,6297
CUST-211,Stacey,Montgomery,stacey.montgomery@sakilacustomer.org,+351 914535792,True,2024-12-22,,Rua Central 162,,Centro,Braga,8391
CUST-212,Wilma,Richards,wilma.richards@sakilacustomer.org,+351 957554356,True,2025-01-14,,Av. Principal 124,,Norte,Braga,6770
CUST-213,Gina,Williamson,gina.williamson@sakilacustomer.org,+351 933286317,True,2025-01-15,2025-01-25,Av. da Liberdade 114,,Sul,Braga,4588
CUST-214,Kristin,Johnston,kristin.johnston@sakilacustomer.org,+351 921756279,True,2025-01-16,,Rua das Flores 140,,Norte,Braga,4040
CUST-215,Jessie,Banks,jessie.banks@sakilacustomer.org,+351 991774979,True,2025-01-17,,Rua das Flores 198,,Sul,Coimbra,6537
CUST-216,Natalie,Meyer,natalie.meyer@sakilacustomer.org,+351 998317238,True,2025-01-18,,Av. da Liberdade 110,,Norte,Porto,9179
CUST-217,Agnes,Bishop,agnes.bishop@sakilacustomer.org,+351 914368218,True,2024-12-28,,Rua das Flores 78,,Norte,Lisboa,2915
CUST-218,Vera,Mccoy,vera.mccoy@sakilacustomer.org,+351 947509201,True,2024-12-29,,Av. Principal 145,,Norte,Faro,4054
CUST-219,Willie,Howell,willie.howell@sakilacustomer.org,+351 926083859,True,2024-12-30,,Rua Central 27,,Centro,Porto,2912
CUST-220,Charlene,Alvarez,charlene.alvarez@sakilacustomer.org,+351 928895654,True,2025-01-02,2025-01-18,Rua Central 150,,Norte,Braga,4803
CUST-221,Bessie,Morrison,bessie.morrison@sakilacustomer.org,+351 935295849,True,2025-01-03,,Rua das Flores 63,,Norte,Coimbra,6328
CUST-222,Delores,Hansen,delores.hansen@sakilacustomer.org,+351 980353654,True,2025-01-04,,Av. da Liberdade 190,,Sul,Braga,2690
CUST-223,Melinda,Fernandez,melinda.fernandez@sakilacustomer.org,+351 922848407,True,2025-01-05,,Av. da Liberdade 183,,Sul,Faro,6399
CUST-224,Pearl,Garza,pearl.garza@sakilacustomer.org,+351 962096835,True,2025-01-06,,Av. Principal 28,,Norte,Porto,2315
CUST-225,Arlene,Harvey,arlene.harvey@sakilacustomer.org,+351 980881410,True,2025-01-07,,Rua das Flores 158,,Norte,Braga,1334
CUST-226,Maureen,Little,maureen.little@sakilacustomer.org,+351 998156358,True,2025-01-08,2025-01-11,Av. da Liberdade 127,,Centro,Lisboa,1367
CUST-227,Colleen,Burton,colleen.burton@sakilacustomer.org,+351 949310677,True,2025-01-09,2025-01-23,Av. Principal 195,,Sul,Faro,2890
CUST-228,Allison,Stanley,allison.stanley@sakilacustomer.org,+351 941418352,True,2025-01-10,2025-01-14,Rua Central 4,,Norte,Coimbra,9771
CUST-229,Tamara,Nguyen,tamara.nguyen@sakilacustomer.org,+351 927868897,True,2025-01-11,,Av. da Liberdade 102,,Centro,Braga,5770
CUST-230,Joy,George,joy.george@sakilacustomer.org,+351 958420832,True,2025-01-12,2025-01-19,Rua das Flores 31,,Sul,Braga,2000
CUST-231,Georgia,Jacobs,georgia.jacobs@sakilacustomer.org,+351 967288391,True,2025-01-13,,Rua das Flores 146,,Sul,Coimbra,5993
CUST-232,Constance,Reid,constance.reid@sakilacustomer.org,+351 999505904,True,2025-01-14,,Av. da Liberdade 136,,Norte,Lisboa,2822
CUST-233,Lillie,Kim,lillie.kim@sakilacustomer.org,+351 933799274,True,2025-01-15,2025-01-29,Rua das Flores 2,,Norte,Porto,5311
CUST-234,Claudia,Fuller,claudia.fuller@sakilacustomer.org,+351 969311957,True,2025-01-16,,Av. da Liberdade 161,,Sul,Faro,8038
CUST-235,Jackie,Lynch,jackie.lynch@sakilacustomer.org,+351 960238904,True,2025-01-17,2025-01-25,Av. da Liberdade 133,,Norte,Lisboa,5672
CUST-236,Marcia,Dean,marcia.dean@sakilacustomer.org,+351 969533975,True,2024-12-30,2025-01-02,Rua das Flores 81,,Sul,Braga,9836
CUST-237,Tanya,Gilbert,tanya.gilbert@sakilacustomer.org,+351 918246461,True,2024-12-31,,Rua das Flores 136,,Sul,Lisboa,4086
CUST-238,Nellie,Garrett,nellie.garrett@sakilacustomer.org,+351 927046913,True,2024-12-15,,Av. Principal 135,,Centro,Lisboa,5402
CUST-239,Minnie,Romero,minnie.romero@sakilacustomer.org,+351 922105256,True,2024-12-16,2024-12-26,Av. Principal 104,,Centro,Faro,5914
CUST-240,Marlene,Welch,marlene.welch@sakilacustomer.org,+351 974234089,True,2025-01-02,,Av. Principal 49,,Centro,Coimbra,2366
CUST-241,Heidi,Larson,heidi.larson@sakilacustomer.org,+351 972902759,False,2024-12-18,,Av. da Liberdade 100,,Norte,Coimbra,5931
CUST-242,Glenda,Frazier,glenda.frazier@sakilacustomer.org,+351 964543865,True,2025-01-04,,Rua Central 6,,Centro,Coimbra,9973
CUST-243,Lydia,Burke,lydia.burke@sakilacustomer.org,+351 921371550,True,2025-01-05,,Rua Central 34,,Norte,Faro,6269
CUST-244,Viola,Hanson,viola.hanson@sakilacustomer.org,+351 912439256,True,2025-01-06,,Rua Central 119,,Sul,Lisboa,9774
CUST-245,Courtney,Day,courtney.day@sakilacustomer.org,+351 942677106,True,2025-01-07,,Av. Principal 64,,Centro,Coimbra,6063
CUST-246,Marian,Mendoza,marian.mendoza@sakilacustomer.org,+351 972411060,True,2024-12-23,,Rua das Flores 196,,Norte,Braga,5612
CUST-247,Stella,Moreno,stella.moreno@sakilacustomer.org,+351 978850511,True,2025-01-09,,Rua das Flores 3,,Centro,Porto,2334
CUST-248,Caroline,Bowman,caroline.bowman@sakilacustomer.org,+351 921243100,True,2025-01-10,,Av. Principal 122,,Centro,Braga,4308
CUST-249,Dora,Medina,dora.medina@sakilacustomer.org,+351 953221953,True,2025-01-11,,Rua das Flores 83,,Norte,Porto,9040
CUST-250,Jo,Fowler,jo.fowler@sakilacustomer.org,+351 919828184,True,2025-01-12,,Rua das Flores 42,,Centro,Faro,5105
CUST-251,Vickie,Brewer,vickie.brewer@sakilacustomer.org,+351 921910541,True,2025-01-13,,Av. Principal 19,,Norte,Faro,8913
CUST-252,Mattie,Hoffman,mattie.hoffman@sakilacustomer.org,+351 910451582,True,2025-01-14,,Av. da Liberdade 126,,Sul,Porto,7125
CUST-253,Terry,Carlson,terry.carlson@sakilacustomer.org,+351 913635993,True,2025-01-15,,Rua das Flores 182,,Sul,Lisboa,8267
CUST-254,Maxine,Silva,maxine.silva@sakilacustomer.org,+351 950615543,True,2025-01-16,,Rua Central 170,,Sul,Coimbra,7729
CUST-255,Irma,Pearson,irma.pearson@sakilacustomer.org,+351 942654329,True,2024-12-15,2025-01-01,Av. Principal 22,,Centro,Porto,3812
CUST-256,Mabel,Holland,mabel.holland@sakilacustomer.org,+351 982387042,True,2025-01-18,,Av. da Liberdade 141,,Norte,Faro,5968
CUST-257,Marsha,Douglas,marsha.douglas@sakilacustomer.org,+351 972581187,True,2025-01-19,,Rua Central 50,,Sul,Lisboa,3181
CUST-258,Myrtle,Fleming,myrtle.fleming@sakilacustomer.org,+351 936060772,True,2025-01-20,,Av. Principal 115,,Sul,Lisboa,7201
CUST-259,Lena,Jensen,lena.jensen@sakilacustomer.org,+351 967386037,True,2025-01-21,2025-02-01,Av. Principal 63,,Sul,Lisboa,1174
CUST-260,Christy,Vargas,christy.vargas@sakilacustomer.org,+351 956836655,True,2025-01-02,,Rua Central 182,,Norte,Braga,6916
CUST-261,Deanna,Byrd,deanna.byrd@sakilacustomer.org,+351 952212452,True,2025-01-03,2025-01-06,Rua das Flores 152,,Norte,Lisboa,1183
CUST-262,Patsy,Davidson,patsy.davidson@sakilacustomer.org,+351 986816171,True,2025-01-04,2025-01-14,Rua Central 118,,Sul,Porto,2868
CUST-263,Hilda,Hopkins,hilda.hopkins@sakilacustomer.org,+351 910682463,True,2025-01-05,,Rua Central 197,,Sul,Coimbra,6672
CUST-264,Gwendolyn,May,gwendolyn.may@sakilacustomer.org,+351 972328358,True,2025-01-06,,Rua Central 139,,Norte,Braga,9403
CUST-265,Jennie,Terry,jennie.terry@sakilacustomer.org,+351 982901957,True,2025-01-07,,Av. Principal 141,,Sul,Lisboa,5629
CUST-266,Nora,Herrera,nora.herrera@sakilacustomer.org,+351 950594568,True,2025-01-08,2025-01-18,Av. Principal 151,,Sul,Porto,3103
CUST-267,Margie,Wade,margie.wade@sakilacustomer.org,+351 911316100,True,2025-01-09,2025-01-23,Av. Principal 184,,Centro,Porto,9758
CUST-268,Nina,Soto,nina.soto@sakilacustomer.org,+351 998477967,True,2025-01-10,,Rua das Flores 38,,Sul,Coimbra,5798
CUST-269,Cassandra,Walters,cassandra.walters@sakilacustomer.org,+351 960499861,True,2025-01-11,,Rua Central 101,,Centro,Coimbra,3862
CUST-270,Leah,Curtis,leah.curtis@sakilacustomer.org,+351 977151585,True,2025-01-12,,Av. da Liberdade 195,,Norte,Coimbra,4108
CUST-271,Penny,Neal,penny.neal@sakilacustomer.org,+351 934684054,False,2025-01-13,2025-01-19,Rua das Flores 50,,Centro,Braga,2571
CUST-272,Kay,Caldwell,kay.caldwell@sakilacustomer.org,+351 931189432,True,2025-01-14,,Av. da Liberdade 102,,Sul,Coimbra,6378
CUST-273,Priscilla,Lowe,priscilla.lowe@sakilacustomer.org,+351 984154629,True,2025-01-15,,Av. da Liberdade 154,,Sul,Braga,1661
CUST-274,Naomi,Jennings,naomi.jennings@sakilacustomer.org,+351 986575860,True,2025-01-16,2025-02-03,Rua das Flores 36,,Centro,Porto,9646
CUST-275,Carole,Barnett,carole.barnett@sakilacustomer.org,+351 924458507,True,2025-01-17,,Av. Principal 103,,Sul,Coimbra,4586
CUST-276,Brandy,Graves,brandy.graves@sakilacustomer.org,+351 992702381,True,2025-01-18,,Av. Principal 54,,Sul,Braga,4249
CUST-277,Olga,Jimenez,olga.jimenez@sakilacustomer.org,+351 956228780,True,2024-12-20,,Av. Principal 170,,Norte,Braga,8179
CUST-278,Billie,Horton,billie.horton@sakilacustomer.org,+351 949126527,True,2025-01-20,,Rua das Flores 144,,Sul,Lisboa,6383
CUST-279,Dianne,Shelton,dianne.shelton@sakilacustomer.org,+351 987569597,True,2025-01-21,,Av. da Liberdade 127,,Norte,Braga,1375
CUST-280,Tracey,Barrett,tracey.barrett@sakilacustomer.org,+351 969494338,True,2025-01-02,2025-01-06,Av. Principal 175,,Sul,Coimbra,5828
CUST-281,Leona,Obrien,leona.obrien@sakilacustomer.org,+351 922056730,True,2025-01-03,,Rua das Flores 33,,Norte,Lisboa,8246
CUST-282,Jenny,Castro,jenny.castro@sakilacustomer.org,+351 974171241,True,2025-01-04,,Rua Central 198,,Norte,Faro,2200
CUST-283,Felicia,Sutton,felicia.sutton@sakilacustomer.org,+351 929189011,True,2025-01-05,,Rua das Flores 122,,Centro,Porto,6955
CUST-284,Sonia,Gregory,sonia.gregory@sakilacustomer.org,+351 993127686,True,2025-01-06,,Rua das Flores 29,,Norte,Faro,7686
CUST-285,Miriam,Mckinney,miriam.mckinney@sakilacustomer.org,+351 946877246,True,2025-01-07,2025-01-11,Av. Principal 199,,Norte,Lisboa,9501
CUST-286,Velma,Lucas,velma.lucas@sakilacustomer.org,+351 978493749,True,2025-01-08,,Rua Central 194,,Norte,Braga,3334
CUST-287,Becky,Miles,becky.miles@sakilacustomer.org,+351 938480453,True,2025-01-09,2025-01-27,Rua Central 119,,Centro,Braga,1206
CUST-288,Bobbie,Craig,bobbie.craig@sakilacustomer.org,+351 974190209,True,2025-01-10,,Rua Central 148,,Sul,Braga,3682
CUST-289,Violet,Rodriquez,violet.rodriquez@sakilacustomer.org,+351 929787697,True,2025-01-11,2025-01-23,Rua das Flores 7,,Sul,Coimbra,8036
CUST-290,Kristina,Chambers,kristina.chambers@sakilacustomer.org,+351 939954768,True,2025-01-12,2025-02-01,Rua Central 8,,Norte,Lisboa,5215
CUST-291,Toni,Holt,toni.holt@sakilacustomer.org,+351 957484633,True,2025-01-13,,Av. Principal 187,,Norte,Coimbra,2250
CUST-292,Misty,Lambert,misty.lambert@sakilacustomer.org,+351 980128282,True,2025-01-14,2025-02-02,Rua Central 84,,Centro,Braga,7652
CUST-293,Mae,Fletcher,mae.fletcher@sakilacustomer.org,+351 997595092,True,2025-01-15,,Rua Central 200,,Norte,Porto,8682
CUST-294,Shelly,Watts,shelly.watts@sakilacustomer.org,+351 917210003,True,2025-01-16,,Rua das Flores 92,,Sul,Coimbra,2070
CUST-295,Daisy,Bates,daisy.bates@sakilacustomer.org,+351 953147801,True,2025-01-17,,Rua Central 170,,Norte,Lisboa,4658
CUST-296,Ramona,Hale,ramona.hale@sakilacustomer.org,+351 973590878,True,2025-01-18,,Av. Principal 168,,Centro,Braga,1262
CUST-297,Sherri,Rhodes,sherri.rhodes@sakilacustomer.org,+351 946135236,True,2025-01-19,,Av. Principal 6,,Centro,Coimbra,6999
CUST-298,Erika,Pena,erika.pena@sakilacustomer.org,+351 959467650,True,2025-01-20,2025-01-25,Av. Principal 128,,Norte,Faro,7986
CUST-299,James,Gannon,james.gannon@sakilacustomer.org,+351 938088320,True,2025-01-21,2025-01-26,Rua das Flores 98,,Centro,Coimbra,9689
CUST-300,John,Farnsworth,john.farnsworth@sakilacustomer.org,+351 928251303,True,2025-01-02,,Rua das Flores 133,,Sul,Braga,2609
CUST-301,Robert,Baughman,robert.baughman@sakilacustomer.org,+351 979334926,True,2025-01-03,,Rua Central 100,,Norte,Faro,9707
CUST-302,Michael,Silverman,michael.silverman@sakilacustomer.org,+351 996708824,True,2025-01-04,2025-01-16,Av. da Liberdade 134,,Norte,Faro,1227
CUST-303,William,Satterfield,william.satterfield@sakilacustomer.org,+351 917835984,True,2025-01-05,,Av. da Liberdade 149,,Sul,Porto,5437
CUST-304,David,Royal,david.royal@sakilacustomer.org,+351 997146415,True,2025-01-06,,Av. da Liberdade 106,,Centro,Braga,1587
CUST-305,Richard,Mccrary,richard.mccrary@sakilacustomer.org,+351 940493509,True,2025-01-07,,Av. da Liberdade 173,,Centro,Braga,7811
CUST-306,Charles,Kowalski,charles.kowalski@sakilacustomer.org,+351 964061277,True,2025-01-08,,Av. Principal 150,,Centro,Coimbra,8066
CUST-307,Joseph,Joy,joseph.joy@sakilacustomer.org,+351 924781959,True,2025-01-09,,Rua das Flores 88,,Centro,Coimbra,8968
CUST-308,Thomas,Grigsby,thomas.grigsby@sakilacustomer.org,+351 943189562,True,2025-01-10,,Av. da Liberdade 71,,Norte,Porto,1304
CUST-309,Christopher,Greco,christopher.greco@sakilacustomer.org,+351 980340827,True,2024-12-18,2024-12-26,Rua das Flores 170,,Centro,Porto,2983
CUST-310,Daniel,Cabral,daniel.cabral@sakilacustomer.org,+351 995197162,True,2025-01-12,,Rua Central 168,,Sul,Faro,9190
CUST-311,Paul,Trout,paul.trout@sakilacustomer.org,+351 920128729,True,2024-12-20,,Av. Principal 61,,Sul,Porto,9350
CUST-312,Mark,Rinehart,mark.rinehart@sakilacustomer.org,+351 917968448,True,2025-01-14,,Av. Principal 160,,Sul,Braga,9476
CUST-313,Donald,Mahon,donald.mahon@sakilacustomer.org,+351 982601958,True,2025-01-15,,Rua das Flores 43,,Sul,Faro,1874
CUST-314,George,Linton,george.linton@sakilacustomer.org,+351 970777308,True,2025-01-16,,Rua das Flores 111,,Norte,Porto,5091
CUST-315,Kenneth,Gooden,kenneth.gooden@sakilacustomer.org,+351 932365047,False,2025-01-17,,Av. Principal 35,,Norte,Faro,4323
CUST-316,Steven,Curley,steven.curley@sakilacustomer.org,+351 972679218,True,2024-12-25,,Rua Central 3,,Centro,Coimbra,3473
CUST-317,Edward,Baugh,edward.baugh@sakilacustomer.org,+351 987530763,True,2025-01-19,2025-01-29,Rua Central 101,,Sul,Porto,6745
CUST-318,Brian,Wyman,brian.wyman@sakilacustomer.org,+351 963855923,True,2024-12-27,,Av. Principal 79,,Centro,Faro,3077
CUST-319,Ronald,Weiner,ronald.weiner@sakilacustomer.org,+351 939570709,True,2025-01-21,,Av. da Liberdade 24,,Norte,Lisboa,6816
CUST-320,Anthony,Schwab,anthony.schwab@sakilacustomer.org,+351 928747693,True,2024-12-29,,Rua Central 144,,Centro,Porto,1249
CUST-321,Kevin,Schuler,kevin.schuler@sakilacustomer.org,+351 964112224,True,2025-01-03,2025-01-11,Rua Central 25,,Norte,Coimbra,9404
CUST-322,Jason,Morrissey,jason.morrissey@sakilacustomer.org,+351 934377148,True,2025-01-04,,Rua das Flores 2,,Norte,Coimbra,4850
CUST-323,Matthew,Mahan,matthew.mahan@sakilacustomer.org,+351 928707144,True,2024-12-15,2024-12-31,Rua das Flores 17,,Centro,Coimbra,2171
CUST-324,Gary,Coy,gary.coy@sakilacustomer.org,+351 918861339,True,2025-01-06,,Av. Principal 173,,Centro,Braga,5910
CUST-325,Timothy,Bunn,timothy.bunn@sakilacustomer.org,+351 912661305,True,2025-01-07,,Rua Central 94,,Sul,Braga,1286
CUST-326,Jose,Andrew,jose.andrew@sakilacustomer.org,+351 967733632,True,2025-01-08,,Av. Principal 173,,Norte,Lisboa,9889
CUST-327,Larry,Thrasher,larry.thrasher@sakilacustomer.org,+351 965229322,True,2024-12-19,,Rua das Flores 118,,Norte,Lisboa,9147
CUST-328,Jeffrey,Spear,jeffrey.spear@sakilacustomer.org,+351 936546349,True,2025-01-10,2025-01-25,Rua Central 10,,Centro,Coimbra,4092
CUST-329,Frank,Waggoner,frank.waggoner@sakilacustomer.org,+351 959048899,True,2024-12-21,,Rua das Flores 197,,Sul,Lisboa,9896
CUST-330,Scott,Shelley,scott.shelley@sakilacustomer.org,+351 916953420,True,2025-01-12,,Av. Principal 131,,Sul,Coimbra,1684
CUST-331,Eric,Robert,eric.robert@sakilacustomer.org,+351 941167071,True,2025-01-13,,Rua das Flores 39,,Norte,Lisboa,1153
CUST-332,Stephen,Qualls,stephen.qualls@sakilacustomer.org,+351 953823237,True,2025-01-14,,Av. da Liberdade 197,,Norte,Faro,6722
CUST-333,Andrew,Purdy,andrew.purdy@sakilacustomer.org,+351 940197853,True,2024-12-25,,Rua das Flores 92,,Sul,Braga,8771
CUST-334,Raymond,Mcwhorter,raymond.mcwhorter@sakilacustomer.org,+351 997758431,True,2025-01-16,,Av. Principal 93,,Sul,Coimbra,7533
CUST-335,Gregory,Mauldin,gregory.mauldin@sakilacustomer.org,+351 991438524,True,2025-01-17,,Av. Principal 193,,Sul,Braga,4787
CUST-336,Joshua,Mark,joshua.mark@sakilacustomer.org,+351 932020883,True,2025-01-18,,Rua Central 193,,Norte,Porto,6567
CUST-337,Jerry,Jordon,jerry.jordon@sakilacustomer.org,+351 976757787,True,2025-01-19,2025-02-08,Rua Central 58,,Sul,Braga,1269
CUST-338,Dennis,Gilman,dennis.gilman@sakilacustomer.org,+351 982784046,True,2025-01-20,2025-02-07,Rua das Flores 112,,Centro,Coimbra,5498
CUST-339,Walter,Perryman,walter.perryman@sakilacustomer.org,+351 958193319,True,2025-01-21,,Av. Principal 159,,Sul,Braga,2812
CUST-340,Patrick,Newsom,patrick.newsom@sakilacustomer.org,+351 910037416,True,2025-01-02,2025-01-10,Av. da Liberdade 18,,Norte,Coimbra,9293
CUST-341,Peter,Menard,peter.menard@sakilacustomer.org,+351 966263539,True,2025-01-03,2025-01-19,Av. da Liberdade 130,,Centro,Coimbra,5140
CUST-342,Harold,Martino,harold.martino@sakilacustomer.org,+351 982830116,True,2025-01-04,,Rua Central 34,,Norte,Faro,5925
CUST-343,Douglas,Graf,douglas.graf@sakilacustomer.org,+351 962115620,True,2024-12-18,,Av. da Liberdade 121,,Sul,Faro,1373
CUST-344,Henry,Billingsley,henry.billingsley@sakilacustomer.org,+351 911947108,True,2025-01-06,,Rua das Flores 164,,Norte,Porto,8091
CUST-345,Carl,Artis,carl.artis@sakilacustomer.org,+351 962412523,True,2025-01-07,,Av. da Liberdade 23,,Norte,Coimbra,5290
CUST-346,Arthur,Simpkins,arthur.simpkins@sakilacustomer.org,+351 914032967,True,2025-01-08,2025-01-26,Rua Central 97,,Norte,Faro,5457
CUST-347,Ryan,Salisbury,ryan.salisbury@sakilacustomer.org,+351 942456203,True,2024-12-22,2025-01-11,Rua das Flores 23,,Sul,Braga,5391
CUST-348,Roger,Quintanilla,roger.quintanilla@sakilacustomer.org,+351 918760478,True,2025-01-10,2025-01-29,Rua das Flores 90,,Centro,Braga,3786
CUST-349,Joe,Gilliland,joe.gilliland@sakilacustomer.org,+351 926725936,True,2025-01-11,2025-01-16,Rua das Flores 69,,Sul,Porto,3906
CUST-350,Juan,Fraley,juan.fraley@sakilacustomer.org,+351 964872717,True,2025-01-12,,Av. Principal 76,,Norte,Porto,2268
CUST-351,Jack,Foust,jack.foust@sakilacustomer.org,+351 945445175,True,2025-01-13,,Rua Central 155,,Norte,Braga,6103
CUST-352,Albert,Crouse,albert.crouse@sakilacustomer.org,+351 919157236,True,2025-01-14,,Av. da Liberdade 37,,Centro,Braga,2930
CUST-353,Jonathan,Scarborough,jonathan.scarborough@sakilacustomer.org,+351 988832703,True,2025-01-15,2025-02-02,Av. da Liberdade 18,,Norte,Faro,2907
CUST-354,Justin,Ngo,justin.ngo@sakilacustomer.org,+351 988249490,True,2024-12-29,,Av. da Liberdade 111,,Sul,Lisboa,6453
CUST-355,Terry,Grissom,terry.grissom@sakilacustomer.org,+351 979708598,True,2025-01-17,,Av. da Liberdade 64,,Sul,Lisboa,3657
CUST-356,Gerald,Fultz,gerald.fultz@sakilacustomer.org,+351 938455184,True,2025-01-18,,Av. Principal 131,,Norte,Faro,9856
CUST-357,Keith,Rico,keith.rico@sakilacustomer.org,+351 962586779,True,2024-12-15,,Rua das Flores 107,,Sul,Braga,4759
CUST-358,Samuel,Marlow,samuel.marlow@sakilacustomer.org,+351 947397736,True,2024-12-16,2024-12-31,Av. Principal 133,,Norte,Braga,7916
CUST-359,Willie,Markham,willie.markham@sakilacustomer.org,+351 989808182,True,2025-01-21,,Av. da Liberdade 107,,Centro,Lisboa,3326
CUST-360,Ralph,Madrigal,ralph.madrigal@sakilacustomer.org,+351 956721988,True,2025-01-02,,Av. Principal 138,,Sul,Porto,3873
CUST-361,Lawrence,Lawton,lawrence.lawton@sakilacustomer.org,+351 998272173,True,2025-01-03,,Av. Principal 193,,Sul,Porto,9961
CUST-362,Nicholas,Barfield,nicholas.barfield@sakilacustomer.org,+351 977061931,True,2025-01-04,,Av. Principal 72,,Centro,Faro,1865
CUST-363,Roy,Whiting,roy.whiting@sakilacustomer.org,+351 921400285,True,2024-12-21,,Rua das Flores 144,,Sul,Lisboa,4448
CUST-364,Benjamin,Varney,benjamin.varney@sakilacustomer.org,+351 948699061,True,2025-01-06,2025-01-25,Av. Principal 65,,Sul,Braga,4988
CUST-365,Bruce,Schwarz,bruce.schwarz@sakilacustomer.org,+351 940125548,True,2024-12-23,,Av. da Liberdade 3,,Centro,Lisboa,5049
CUST-366,Brandon,Huey,brandon.huey@sakilacustomer.org,+351 998862990,True,2025-01-08,,Rua Central 67,,Norte,Porto,9352
CUST-367,Adam,Gooch,adam.gooch@sakilacustomer.org,+351 968145870,True,2025-01-09,,Av. Principal 116,,Centro,Braga,7734
CUST-368,Harry,Arce,harry.arce@sakilacustomer.org,+351 920900903,False,2025-01-10,2025-01-17,Av. da Liberdade 133,,Norte,Porto,3980
CUST-369,Fred,Wheat,fred.wheat@sakilacustomer.org,+351 965560391,True,2025-01-11,,Av. da Liberdade 161,,Norte,Lisboa,7913
CUST-370,Wayne,Truong,wayne.truong@sakilacustomer.org,+351 926302431,True,2025-01-12,,Rua das Flores 171,,Centro,Coimbra,1916
CUST-371,Billy,Poulin,billy.poulin@sakilacustomer.org,+351 932286106,True,2025-01-13,2025-01-26,Rua Central 134,,Centro,Faro,1493
CUST-372,Steve,Mackenzie,steve.mackenzie@sakilacustomer.org,+351 914351084,True,2024-12-30,,Rua das Flores 167,,Sul,Porto,7274
CUST-373,Louis,Leone,louis.leone@sakilacustomer.org,+351 921618469,True,2025-01-15,,Av. Principal 29,,Centro,Braga,4079
CUST-374,Jeremy,Hurtado,jeremy.hurtado@sakilacustomer.org,+351 972465589,True,2025-01-16,,Rua das Flores 166,,Sul,Porto,7216
CUST-375,Aaron,Selby,aaron.selby@sakilacustomer.org,+351 995592112,True,2024-12-16,2024-12-21,Rua das Flores 44,,Centro,Braga,9210
CUST-376,Randy,Gaither,randy.gaither@sakilacustomer.org,+351 954666059,True,2025-01-18,,Rua das Flores 75,,Sul,Porto,2025
CUST-377,Howard,Fortner,howard.fortner@sakilacustomer.org,+351 999770913,True,2025-01-19,2025-01-24,Rua das Flores 3,,Norte,Faro,3148
CUST-378,Eugene,Culpepper,eugene.culpepper@sakilacustomer.org,+351 946063356,True,2025-01-20,2025-01-26,Rua das Flores 37,,Centro,Faro,1114
CUST-379,Carlos,Coughlin,carlos.coughlin@sakilacustomer.org,+351 913446518,True,2025-01-21,,Rua Central 37,,Sul,Coimbra,3193
CUST-380,Russell,Brinson,russell.brinson@sakilacustomer.org,+351 962353526,True,2024-12-21,2024-12-25,Av. Principal 136,,Norte,Porto,2327
CUST-381,Bobby,Boudreau,bobby.boudreau@sakilacustomer.org,+351 912377481,True,2025-01-03,,Av. da Liberdade 106,,Centro,Braga,2941
CUST-382,Victor,Barkley,victor.barkley@sakilacustomer.org,+351 919797062,True,2025-01-04,,Av. Principal 129,,Centro,Porto,1741
CUST-383,Martin,Bales,martin.bales@sakilacustomer.org,+351 959319323,True,2025-01-05,,Av. da Liberdade 81,,Centro,Lisboa,5996
CUST-384,Ernest,Stepp,ernest.stepp@sakilacustomer.org,+351 986946079,True,2025-01-06,2025-01-21,Av. Principal 190,,Centro,Braga,5313
CUST-385,Phillip,Holm,phillip.holm@sakilacustomer.org,+351 956477411,True,2025-01-07,2025-01-14,Av. da Liberdade 118,,Sul,Braga,2902
CUST-386,Todd,Tan,todd.tan@sakilacustomer.org,+351 930789985,True,2025-01-08,,Av. da Liberdade 187,,Centro,Coimbra,1380
CUST-387,Jesse,Schilling,jesse.schilling@sakilacustomer.org,+351 925841721,True,2025-01-09,,Av. da Liberdade 94,,Centro,Lisboa,8063
CUST-388,Craig,Morrell,craig.morrell@sakilacustomer.org,+351 935525878,True,2024-12-29,,Av. da Liberdade 123,,Centro,Lisboa,9819
CUST-389,Alan,Kahn,alan.kahn@sakilacustomer.org,+351 925356795,True,2025-01-11,,Av. da Liberdade 136,,Norte,Braga,6249
CUST-390,Shawn,Heaton,shawn.heaton@sakilacustomer.org,+351 963609488,True,2025-01-12,,Av. Principal 118,,Norte,Faro,8698
CUST-391,Clarence,Gamez,clarence.gamez@sakilacustomer.org,+351 975063098,True,2024-12-15,2024-12-31,Rua das Flores 189,,Sul,Coimbra,8613
CUST-392,Sean,Douglass,sean.douglass@sakilacustomer.org,+351 986001494,True,2025-01-14,,Rua Central 145,,Centro,Coimbra,4864
CUST-393,Philip,Causey,philip.causey@sakilacustomer.org,+351 937895247,True,2025-01-15,,Rua Central 189,,Norte,Porto,3920
CUST-394,Chris,Brothers,chris.brothers@sakilacustomer.org,+351 936035477,True,2024-12-18,2025-01-02,Av. Principal 66,,Norte,Lisboa,1797
CUST-395,Johnny,Turpin,johnny.turpin@sakilacustomer.org,+351 953280368,True,2025-01-17,,Av. Principal 75,,Norte,Coimbra,8924
CUST-396,Earl,Shanks,earl.shanks@sakilacustomer.org,+351 946244937,True,2024-12-20,2025-01-04,Av. Principal 128,,Centro,Coimbra,4027
CUST-397,Jimmy,Schrader,jimmy.schrader@sakilacustomer.org,+351 937148023,True,2025-01-19,,Av. da Liberdade 37,,Centro,Braga,3934
CUST-398,Antonio,Meek,antonio.meek@sakilacustomer.org,+351 973728431,True,2025-01-20,,Av. da Liberdade 133,,Norte,Lisboa,7242
CUST-399,Danny,Isom,danny.isom@sakilacustomer.org,+351 926486480,True,2025-01-21,,Av. da Liberdade 88,,Sul,Braga,9666
CUST-400,Bryan,Hardison,bryan.hardison@sakilacustomer.org,+351 962895643,True,2025-01-02,,Av. Principal 196,,Norte,Faro,9318
CUST-401,Tony,Carranza,tony.carranza@sakilacustomer.org,+351 979105935,True,2025-01-03,,Av. da Liberdade 29,,Centro,Coimbra,4070
CUST-402,Luis,Yanez,luis.yanez@sakilacustomer.org,+351 929111772,True,2025-01-04,,Av. Principal 118,,Sul,Porto,8801
CUST-403,Mike,Way,mike.way@sakilacustomer.org,+351 932179371,True,2025-01-05,,Av. Principal 198,,Centro,Lisboa,5941
CUST-404,Stanley,Scroggins,stanley.scroggins@sakilacustomer.org,+351 995812218,True,2025-01-06,,Rua Central 156,,Sul,Braga,1057
CUST-405,Leonard,Schofield,leonard.schofield@sakilacustomer.org,+351 920061446,True,2025-01-07,,Av. Principal 65,,Norte,Coimbra,1243
CUST-406,Nathan,Runyon,nathan.runyon@sakilacustomer.org,+351 990161378,False,2025-01-08,,Rua das Flores 21,,Sul,Faro,2961
CUST-407,Dale,Ratcliff,dale.ratcliff@sakilacustomer.org,+351 973524130,True,2025-01-09,,Rua das Flores 89,,Sul,Coimbra,1885
CUST-408,Manuel,Murrell,manuel.murrell@sakilacustomer.org,+351 953496647,True,2025-01-10,,Av. Principal 12,,Sul,Lisboa,4914
CUST-409,Rodney,Moeller,rodney.moeller@sakilacustomer.org,+351 926307254,True,2025-01-11,2025-01-23,Rua das Flores 23,,Sul,Porto,1938
CUST-410,Curtis,Irby,curtis.irby@sakilacustomer.org,+351 958942981,True,2025-01-12,,Av. Principal 135,,Centro,Porto,7596
CUST-411,Norman,Currier,norman.currier@sakilacustomer.org,+351 988360413,True,2025-01-13,,Av. Principal 148,,Sul,Porto,3607
CUST-412,Allen,Butterfield,allen.butterfield@sakilacustomer.org,+351 943682648,True,2024-12-19,,Av. da Liberdade 196,,Centro,Porto,8619
CUST-413,Marvin,Yee,marvin.yee@sakilacustomer.org,+351 947221527,True,2025-01-15,2025-01-23,Av. da Liberdade 192,,Sul,Faro,9553
CUST-414,Vincent,Ralston,vincent.ralston@sakilacustomer.org,+351 985832760,True,2025-01-16,,Av. Principal 134,,Norte,Braga,8523
CUST-415,Glenn,Pullen,glenn.pullen@sakilacustomer.org,+351 998835371,True,2025-01-17,,Rua Central 168,,Centro,Lisboa,5079
CUST-416,Jeffery,Pinson,jeffery.pinson@sakilacustomer.org,+351 920292080,True,2025-01-18,,Rua Central 83,,Sul,Porto,4054
CUST-417,Travis,Estep,travis.estep@sakilacustomer.org,+351 935083022,True,2025-01-19,,Rua Central 50,,Norte,Lisboa,9081
CUST-418,Jeff,East,jeff.east@sakilacustomer.org,+351 936103839,True,2025-01-20,,Rua Central 187,,Sul,Coimbra,2871
CUST-419,Chad,Carbone,chad.carbone@sakilacustomer.org,+351 948034643,True,2024-12-26,,Rua das Flores 39,,Centro,Faro,6345
CUST-420,Jacob,Lance,jacob.lance@sakilacustomer.org,+351 951489138,True,2024-12-27,,Av. Principal 18,,Sul,Faro,5743
CUST-421,Lee,Hawks,lee.hawks@sakilacustomer.org,+351 922041759,True,2024-12-28,,Av. da Liberdade 199,,Sul,Lisboa,3433
CUST-422,Melvin,Ellington,melvin.ellington@sakilacustomer.org,+351 985522724,True,2025-01-04,2025-01-24,Rua Central 32,,Norte,Lisboa,1912
CUST-423,Alfred,Casillas,alfred.casillas@sakilacustomer.org,+351 974051765,True,2025-01-05,,Av. Principal 157,,Centro,Porto,7862
CUST-424,Kyle,Spurlock,kyle.spurlock@sakilacustomer.org,+351 917116041,True,2025-01-06,2025-01-21,Av. Principal 14,,Centro,Braga,2331
CUST-425,Francis,Sikes,francis.sikes@sakilacustomer.org,+351 920088916,True,2024-12-15,,Rua Central 6,,Norte,Braga,8329
CUST-426,Bradley,Motley,bradley.motley@sakilacustomer.org,+351 988140803,True,2025-01-08,2025-01-11,Av. da Liberdade 44,,Norte,Porto,8023
CUST-427,Jesus,Mccartney,jesus.mccartney@sakilacustomer.org,+351 932034211,True,2025-01-09,,Av. Principal 145,,Sul,Lisboa,7648
CUST-428,Herbert,Kruger,herbert.kruger@sakilacustomer.org,+351 974149783,True,2025-01-10,,Av. Principal 10,,Sul,Porto,9408
CUST-429,Frederick,Isbell,frederick.isbell@sakilacustomer.org,+351 929705570,True,2025-01-11,,Rua das Flores 11,,Centro,Coimbra,9881
CUST-430,Ray,Houle,ray.houle@sakilacustomer.org,+351 928031784,True,2025-01-12,,Rua Central 193,,Centro,Lisboa,6364
CUST-431,Joel,Francisco,joel.francisco@sakilacustomer.org,+351 997902314,True,2025-01-13,2025-01-17,Rua Central 183,,Norte,Lisboa,1859
CUST-432,Edwin,Burk,edwin.burk@sakilacustomer.org,+351 926441238,True,2024-12-22,,Rua das Flores 42,,Centro,Braga,2320
CUST-433,Don,Bone,don.bone@sakilacustomer.org,+351 921172073,True,2025-01-15,2025-02-04,Av. da Liberdade 76,,Norte,Braga,4311
CUST-434,Eddie,Tomlin,eddie.tomlin@sakilacustomer.org,+351 967003783,True,2025-01-16,,Av. Principal 102,,Sul,Coimbra,2329
CUST-435,Ricky,Shelby,ricky.shelby@sakilacustomer.org,+351 930064778,True,2025-01-17,,Av. Principal 130,,Norte,Braga,9253
CUST-436,Troy,Quigley,troy.quigley@sakilacustomer.org,+351 997378205,True,2024-12-26,,Rua das Flores 186,,Centro,Braga,2776
CUST-437,Randall,Neumann,randall.neumann@sakilacustomer.org,+351 957402215,True,2025-01-19,2025-02-04,Av. Principal 29,,Sul,Porto,9225
CUST-438,Barry,Lovelace,barry.lovelace@sakilacustomer.org,+351 961383968,True,2025-01-20,,Rua das Flores 128,,Centro,Lisboa,5527
CUST-439,Alexander,Fennell,alexander.fennell@sakilacustomer.org,+351 972603246,True,2025-01-21,,Av. da Liberdade 8,,Norte,Porto,4281
CUST-440,Bernard,Colby,bernard.colby@sakilacustomer.org,+351 918818703,True,2025-01-02,,Rua Central 103,,Sul,Coimbra,4605
CUST-441,Mario,Cheatham,mario.cheatham@sakilacustomer.org,+351 950285451,True,2025-01-03,,Rua Central 159,,Norte,Faro,1234
CUST-442,Leroy,Bustamante,leroy.bustamante@sakilacustomer.org,+351 948675889,True,2025-01-04,,Av. da Liberdade 172,,Sul,Coimbra,8529
CUST-443,Francisco,Skidmore,francisco.skidmore@sakilacustomer.org,+351 969559074,True,2024-12-16,,Av. Principal 163,,Norte,Coimbra,9367
CUST-444,Marcus,Hidalgo,marcus.hidalgo@sakilacustomer.org,+351 920201307,True,2024-12-17,,Av. da Liberdade 67,,Centro,Faro,6644
CUST-445,Micheal,Forman,micheal.forman@sakilacustomer.org,+351 976481738,True,2025-01-07,2025-01-13,Av. da Liberdade 168,,Centro,Porto,3615
CUST-446,Theodore,Culp,theodore.culp@sakilacustomer.org,+351 916936485,False,2024-12-19,,Rua Central 114,,Centro,Coimbra,4124
CUST-447,Clifford,Bowens,clifford.bowens@sakilacustomer.org,+351 974139634,True,2025-01-09,2025-01-12,Rua Central 144,,Sul,Coimbra,4226
CUST-448,Miguel,Betancourt,miguel.betancourt@sakilacustomer.org,+351 921201137,True,2025-01-10,,Rua Central 76,,Norte,Braga,6156
CUST-449,Oscar,Aquino,oscar.aquino@sakilacustomer.org,+351 919108004,True,2024-12-22,,Av. Principal 93,,Sul,Lisboa,6918
CUST-450,Jay,Robb,jay.robb@sakilacustomer.org,+351 963475722,True,2025-01-12,,Rua das Flores 162,,Norte,Lisboa,2997
CUST-451,Jim,Rea,jim.rea@sakilacustomer.org,+351 978241917,True,2025-01-13,,Av. da Liberdade 84,,Norte,Coimbra,7387
CUST-452,Tom,Milner,tom.milner@sakilacustomer.org,+351 985737024,True,2024-12-25,2025-01-01,Rua Central 123,,Sul,Faro,9899
CUST-453,Calvin,Martel,calvin.martel@sakilacustomer.org,+351 963869544,True,2025-01-15,,Rua Central 67,,Norte,Faro,1261
CUST-454,Alex,Gresham,alex.gresham@sakilacustomer.org,+351 923216863,True,2025-01-16,,Av. da Liberdade 38,,Centro,Porto,4467
CUST-455,Jon,Wiles,jon.wiles@sakilacustomer.org,+351 926083612,True,2024-12-28,,Av. Principal 197,,Sul,Coimbra,9363
CUST-456,Ronnie,Ricketts,ronnie.ricketts@sakilacustomer.org,+351 945854515,True,2025-01-18,2025-01-21,Rua das Flores 48,,Sul,Faro,3834
CUST-457,Bill,Gavin,bill.gavin@sakilacustomer.org,+351 964767147,True,2025-01-19,,Av. Principal 147,,Norte,Coimbra,6265
CUST-458,Lloyd,Dowd,lloyd.dowd@sakilacustomer.org,+351 927632359,True,2025-01-20,,Av. Principal 108,,Centro,Braga,7406
CUST-459,Tommy,Collazo,tommy.collazo@sakilacustomer.org,+351 922946801,True,2025-01-21,2025-01-28,Rua das Flores 184,,Centro,Faro,3862
CUST-460,Leon,Bostic,leon.bostic@sakilacustomer.org,+351 952760240,True,2025-01-02,,Rua Central 113,,Norte,Coimbra,4611
CUST-461,Derek,Blakely,derek.blakely@sakilacustomer.org,+351 990098083,True,2025-01-03,,Rua das Flores 158,,Norte,Coimbra,3537
CUST-462,Warren,Sherrod,warren.sherrod@sakilacustomer.org,+351 928419204,True,2025-01-04,,Rua Central 193,,Norte,Coimbra,8138
CUST-463,Darrell,Power,darrell.power@sakilacustomer.org,+351 914452495,True,2025-01-05,,Av. da Liberdade 182,,Sul,Coimbra,6566
CUST-464,Jerome,Kenyon,jerome.kenyon@sakilacustomer.org,+351 973260761,True,2024-12-20,2025-01-08,Av. Principal 40,,Centro,Porto,3273
CUST-465,Floyd,Gandy,floyd.gandy@sakilacustomer.org,+351 996278473,True,2025-01-07,,Rua das Flores 64,,Centro,Braga,7193
CUST-466,Leo,Ebert,leo.ebert@sakilacustomer.org,+351 957562028,True,2025-01-08,,Av. Principal 139,,Sul,Braga,5775
CUST-467,Alvin,Deloach,alvin.deloach@sakilacustomer.org,+351 933872718,True,2024-12-23,,Av. da Liberdade 107,,Sul,Coimbra,6560
CUST-468,Tim,Cary,tim.cary@sakilacustomer.org,+351 929779006,True,2025-01-10,,Rua Central 102,,Norte,Porto,9924
CUST-469,Wesley,Bull,wesley.bull@sakilacustomer.org,+351 935795229,True,2025-01-11,,Rua Central 144,,Sul,Faro,4577
CUST-470,Gordon,Allard,gordon.allard@sakilacustomer.org,+351 973190437,True,2025-01-12,2025-01-19,Av. da Liberdade 55,,Norte,Faro,2149
CUST-471,Dean,Sauer,dean.sauer@sakilacustomer.org,+351 949130435,True,2025-01-13,,Av. da Liberdade 137,,Centro,Porto,2611
CUST-472,Greg,Robins,greg.robins@sakilacustomer.org,+351 951945136,True,2025-01-14,,Av. Principal 185,,Sul,Braga,8517
CUST-473,Jorge,Olivares,jorge.olivares@sakilacustomer.org,+351 978053046,True,2024-12-29,,Av. Principal 125,,Sul,Braga,8346
CUST-474,Dustin,Gillette,dustin.gillette@sakilacustomer.org,+351 911117660,True,2025-01-16,,Rua Central 106,,Centro,Coimbra,3471
CUST-475,Pedro,Chestnut,pedro.chestnut@sakilacustomer.org,+351 928481991,True,2025-01-17,,Av. da Liberdade 56,,Norte,Coimbra,3732
CUST-476,Derrick,Bourque,derrick.bourque@sakilacustomer.org,+351 979606229,True,2024-12-15,,Av. da Liberdade 26,,Sul,Lisboa,9158
CUST-477,Dan,Paine,dan.paine@sakilacustomer.org,+351 953886203,True,2025-01-19,,Rua das Flores 80,,Sul,Coimbra,6912
CUST-478,Lewis,Lyman,lewis.lyman@sakilacustomer.org,+351 964881068,True,2025-01-20,,Av. da Liberdade 169,,Centro,Coimbra,8546
CUST-479,Zachary,Hite,zachary.hite@sakilacustomer.org,+351 965122294,True,2025-01-21,,Av. da Liberdade 76,,Centro,Faro,5788
CUST-480,Corey,Hauser,corey.hauser@sakilacustomer.org,+351 986207594,True,2025-01-02,,Av. da Liberdade 86,,Sul,Faro,7297
CUST-481,Herman,Devore,herman.devore@sakilacustomer.org,+351 930373474,True,2025-01-03,,Av. da Liberdade 158,,Centro,Porto,9195
CUST-482,Maurice,Crawley,maurice.crawley@sakilacustomer.org,+351 998860596,False,2025-01-04,,Rua das Flores 42,,Centro,Porto,6980
CUST-483,Vernon,Chapa,vernon.chapa@sakilacustomer.org,+351 992095154,True,2025-01-05,,Av. Principal 126,,Centro,Coimbra,6852
CUST-484,Roberto,Vu,roberto.vu@sakilacustomer.org,+351 922385885,True,2025-01-06,,Av. da Liberdade 111,,Centro,Faro,5648
CUST-485,Clyde,Tobias,clyde.tobias@sakilacustomer.org,+351 969568541,True,2025-01-07,2025-01-21,Av. da Liberdade 190,,Norte,Braga,5627
CUST-486,Glen,Talbert,glen.talbert@sakilacustomer.org,+351 986548719,True,2024-12-25,,Rua das Flores 2,,Sul,Braga,9229
CUST-487,Hector,Poindexter,hector.poindexter@sakilacustomer.org,+351 912383450,True,2025-01-09,,Rua das Flores 123,,Sul,Coimbra,2021
CUST-488,Shane,Millard,shane.millard@sakilacustomer.org,+351 926083168,True,2025-01-10,2025-01-24,Av. da Liberdade 4,,Sul,Braga,4232
CUST-489,Ricardo,Meador,ricardo.meador@sakilacustomer.org,+351 995895278,True,2024-12-28,,Av. Principal 161,,Norte,Braga,8682
CUST-490,Sam,Mcduffie,sam.mcduffie@sakilacustomer.org,+351 918546269,True,2025-01-12,,Av. Principal 123,,Norte,Lisboa,7790
CUST-491,Rick,Mattox,rick.mattox@sakilacustomer.org,+351 918455910,True,2025-01-13,2025-01-25,Rua Central 171,,Centro,Braga,5988
CUST-492,Lester,Kraus,lester.kraus@sakilacustomer.org,+351 977909709,True,2025-01-14,,Rua das Flores 65,,Sul,Faro,1236
CUST-493,Brent,Harkins,brent.harkins@sakilacustomer.org,+351 951165785,True,2025-01-15,,Av. Principal 150,,Centro,Braga,5398
CUST-494,Ramon,Choate,ramon.choate@sakilacustomer.org,+351 973386021,True,2025-01-16,2025-02-05,Av. da Liberdade 147,,Norte,Lisboa,4483
CUST-495,Charlie,Bess,charlie.bess@sakilacustomer.org,+351 945891728,True,2025-01-17,,Rua das Flores 121,,Sul,Lisboa,3117
CUST-496,Tyler,Wren,tyler.wren@sakilacustomer.org,+351 996618477,True,2025-01-18,,Av. Principal 189,,Norte,Porto,3871
CUST-497,Gilbert,Sledge,gilbert.sledge@sakilacustomer.org,+351 928062023,True,2024-12-19,,Rua Central 137,,Sul,Porto,5854
CUST-498,Gene,Sanborn,gene.sanborn@sakilacustomer.org,+351 997032444,True,2024-12-20,,Rua Central 109,,Norte,Porto,1594
CUST-499,Marc,Outlaw,marc.outlaw@sakilacustomer.org,+351 924062222,True,2025-01-21,2025-02-01,Av. da Liberdade 122,,Norte,Lisboa,4913
CUST-500,Reginald,Kinder,reginald.kinder@sakilacustomer.org,+351 936519243,True,2025-01-02,2025-01-14,Av. da Liberdade 124,,Sul,Porto,5499
CUST-501,Ruben,Geary,ruben.geary@sakilacustomer.org,+351 932475508,True,2024-12-23,,Rua Central 100,,Sul,Lisboa,1558
CUST-502,Brett,Cornwell,brett.cornwell@sakilacustomer.org,+351 970290925,True,2025-01-04,2025-01-19,Rua Central 53,,Sul,Lisboa,6979
CUST-503,Angel,Barclay,angel.barclay@sakilacustomer.org,+351 982039269,True,2025-01-05,,Rua das Flores 174,,Norte,Porto,1848
CUST-504,Nathaniel,Adam,nathaniel.adam@sakilacustomer.org,+351 979866886,True,2024-12-26,2025-01-14,Rua das Flores 41,,Norte,Braga,4283
CUST-505,Rafael,Abney,rafael.abney@sakilacustomer.org,+351 961599553,True,2025-01-07,,Rua das Flores 128,,Norte,Faro,5651
CUST-506,Leslie,Seward,leslie.seward@sakilacustomer.org,+351 963037513,True,2025-01-08,,Av. Principal 48,,Centro,Lisboa,4174
CUST-507,Edgar,Rhoads,edgar.rhoads@sakilacustomer.org,+351 953697436,True,2025-01-09,,Rua das Flores 135,,Sul,Porto,5039
CUST-508,Milton,Howland,milton.howland@sakilacustomer.org,+351 953232573,True,2025-01-10,2025-01-14,Av. Principal 151,,Centro,Porto,1210
CUST-509,Raul,Fortier,raul.fortier@sakilacustomer.org,+351 955385096,True,2025-01-11,,Av. da Liberdade 84,,Sul,Coimbra,2502
CUST-510,Ben,Easter,ben.easter@sakilacustomer.org,+351 994809467,False,2025-01-12,2025-01-29,Rua Central 48,,Norte,Braga,9467
CUST-511,Chester,Benner,chester.benner@sakilacustomer.org,+351 992380365,True,2025-01-13,,Av. da Liberdade 103,,Norte,Coimbra,6879
CUST-512,Cecil,Vines,cecil.vines@sakilacustomer.org,+351 938051860,True,2025-01-14,2025-02-02,Rua das Flores 7,,Sul,Coimbra,6338
CUST-513,Duane,Tubbs,duane.tubbs@sakilacustomer.org,+351 998257347,True,2025-01-15,,Av. Principal 81,,Centro,Lisboa,9784
CUST-514,Franklin,Troutman,franklin.troutman@sakilacustomer.org,+351 934494597,True,2025-01-16,,Rua das Flores 23,,Sul,Faro,4606
CUST-515,Andre,Rapp,andre.rapp@sakilacustomer.org,+351 959403303,True,2025-01-17,,Rua Central 30,,Sul,Porto,4977
CUST-516,Elmer,Noe,elmer.noe@sakilacustomer.org,+351 920202122,True,2025-01-18,,Av. da Liberdade 129,,Centro,Porto,5657
CUST-517,Brad,Mccurdy,brad.mccurdy@sakilacustomer.org,+351 962039875,True,2025-01-19,2025-01-31,Av. da Liberdade 130,,Sul,Coimbra,7068
CUST-518,Gabriel,Harder,gabriel.harder@sakilacustomer.org,+351 955872239,True,2024-12-23,,Rua Central 96,,Norte,Faro,4062
CUST-519,Ron,Deluca,ron.deluca@sakilacustomer.org,+351 958747980,True,2025-01-21,2025-01-27,Rua das Flores 36,,Norte,Faro,7472
CUST-520,Mitchell,Westmoreland,mitchell.westmoreland@sakilacustomer.org,+351 951039503,True,2025-01-02,,Rua das Flores 188,,Centro,Porto,4692
CUST-521,Roland,South,roland.south@sakilacustomer.org,+351 986747575,True,2025-01-03,,Rua das Flores 124,,Norte,Lisboa,4399
CUST-522,Arnold,Havens,arnold.havens@sakilacustomer.org,+351 956390463,True,2025-01-04,,Rua Central 68,,Centro,Porto,3794
CUST-523,Harvey,Guajardo,harvey.guajardo@sakilacustomer.org,+351 912097052,True,2024-12-28,,Av. da Liberdade 85,,Norte,Porto,3684
CUST-524,Jared,Ely,jared.ely@sakilacustomer.org,+351 919260089,True,2025-01-06,,Rua das Flores 85,,Norte,Lisboa,6777
CUST-525,Adrian,Clary,adrian.clary@sakilacustomer.org,+351 948860606,True,2025-01-07,2025-01-12,Rua Central 61,,Sul,Coimbra,9269
CUST-526,Karl,Seal,karl.seal@sakilacustomer.org,+351 961318924,True,2024-12-31,,Rua das Flores 97,,Centro,Coimbra,8440
CUST-527,Cory,Meehan,cory.meehan@sakilacustomer.org,+351 978042898,True,2025-01-09,,Rua Central 6,,Norte,Porto,1128
CUST-528,Claude,Herzog,claude.herzog@sakilacustomer.org,+351 928775369,True,2025-01-10,2025-01-13,Rua das Flores 172,,Centro,Lisboa,3962
CUST-529,Erik,Guillen,erik.guillen@sakilacustomer.org,+351 991380418,True,2024-12-17,2025-01-03,Rua Central 73,,Sul,Coimbra,6890
CUST-530,Darryl,Ashcraft,darryl.ashcraft@sakilacustomer.org,+351 956689216,True,2024-12-18,,Rua Central 121,,Norte,Lisboa,1035
CUST-531,Jamie,Waugh,jamie.waugh@sakilacustomer.org,+351 952295751,True,2025-01-13,,Av. da Liberdade 199,,Centro,Lisboa,8410
CUST-532,Neil,Renner,neil.renner@sakilacustomer.org,+351 931344898,True,2025-01-14,,Rua das Flores 4,,Sul,Faro,2982
CUST-533,Jessie,Milam,jessie.milam@sakilacustomer.org,+351 917422673,True,2025-01-15,,Rua Central 47,,Norte,Faro,5466
CUST-534,Christian,Jung,christian.jung@sakilacustomer.org,+351 924884572,False,2025-01-16,,Rua das Flores 47,,Centro,Faro,6424
CUST-535,Javier,Elrod,javier.elrod@sakilacustomer.org,+351 983747742,True,2025-01-17,2025-02-05,Av. Principal 65,,Norte,Faro,2901
CUST-536,Fernando,Churchill,fernando.churchill@sakilacustomer.org,+351 932541299,True,2025-01-18,,Rua das Flores 81,,Sul,Lisboa,4395
CUST-537,Clinton,Buford,clinton.buford@sakilacustomer.org,+351 927874151,True,2025-01-19,,Av. Principal 46,,Centro,Porto,7666
CUST-538,Ted,Breaux,ted.breaux@sakilacustomer.org,+351 943267488,True,2025-01-20,,Rua das Flores 147,,Sul,Faro,3292
CUST-539,Mathew,Bolin,mathew.bolin@sakilacustomer.org,+351 941501429,True,2025-01-21,2025-01-27,Av. da Liberdade 184,,Centro,Faro,2381
CUST-540,Tyrone,Asher,tyrone.asher@sakilacustomer.org,+351 929096897,True,2025-01-02,2025-01-09,Rua das Flores 17,,Sul,Porto,7609
CUST-541,Darren,Windham,darren.windham@sakilacustomer.org,+351 910053269,True,2025-01-03,,Av. Principal 81,,Sul,Coimbra,9526
CUST-542,Lonnie,Tirado,lonnie.tirado@sakilacustomer.org,+351 949336869,True,2025-01-04,,Av. Principal 198,,Norte,Coimbra,2149
CUST-543,Lance,Pemberton,lance.pemberton@sakilacustomer.org,+351 928157045,True,2025-01-05,,Av. Principal 162,,Norte,Porto,3602
CUST-544,Cody,Nolen,cody.nolen@sakilacustomer.org,+351 927397861,True,2025-01-06,,Av. Principal 64,,Sul,Braga,1728
CUST-545,Julio,Noland,julio.noland@sakilacustomer.org,+351 926185858,True,2024-12-16,,Av. da Liberdade 139,,Norte,Porto,5561
CUST-546,Kelly,Knott,kelly.knott@sakilacustomer.org,+351 958242205,True,2025-01-08,,Av. Principal 130,,Norte,Coimbra,9560
CUST-547,Kurt,Emmons,kurt.emmons@sakilacustomer.org,+351 991631597,True,2024-12-18,,Av. da Liberdade 112,,Norte,Faro,6443
CUST-548,Allan,Cornish,allan.cornish@sakilacustomer.org,+351 977730647,True,2025-01-10,2025-01-27,Av. da Liberdade 32,,Sul,Faro,7103
CUST-549,Nelson,Christenson,nelson.christenson@sakilacustomer.org,+351 944582769,True,2025-01-11,,Av. da Liberdade 124,,Sul,Braga,4354
CUST-550,Guy,Brownlee,guy.brownlee@sakilacustomer.org,+351 932935126,True,2025-01-12,,Rua Central 191,,Centro,Porto,9729
CUST-551,Clayton,Barbee,clayton.barbee@sakilacustomer.org,+351 986605802,True,2025-01-13,,Rua Central 123,,Norte,Coimbra,8069
CUST-552,Hugh,Waldrop,hugh.waldrop@sakilacustomer.org,+351 949188909,True,2025-01-14,,Rua Central 83,,Norte,Braga,6747
CUST-553,Max,Pitt,max.pitt@sakilacustomer.org,+351 949459498,True,2025-01-15,,Av. Principal 48,,Sul,Lisboa,2624
CUST-554,Dwayne,Olvera,dwayne.olvera@sakilacustomer.org,+351 956481125,True,2024-12-25,2025-01-13,Rua Central 16,,Norte,Porto,1173
CUST-555,Dwight,Lombardi,dwight.lombardi@sakilacustomer.org,+351 977896262,True,2025-01-17,,Rua Central 192,,Norte,Coimbra,4995
CUST-556,Armando,Gruber,armando.gruber@sakilacustomer.org,+351 977214523,True,2024-12-27,,Av. Principal 113,,Centro,Coimbra,9385
CUST-557,Felix,Gaffney,felix.gaffney@sakilacustomer.org,+351 962431643,True,2025-01-19,,Av. Principal 87,,Norte,Lisboa,7079
CUST-558,Jimmie,Eggleston,jimmie.eggleston@sakilacustomer.org,+351 967426769,False,2025-01-20,2025-02-07,Rua Central 157,,Norte,Lisboa,7414
CUST-559,Everett,Banda,everett.banda@sakilacustomer.org,+351 930869190,True,2025-01-21,,Rua Central 29,,Sul,Braga,9881
CUST-560,Jordan,Archuleta,jordan.archuleta@sakilacustomer.org,+351 921912677,True,2025-01-02,,Av. da Liberdade 198,,Sul,Lisboa,4480
CUST-561,Ian,Still,ian.still@sakilacustomer.org,+351 960582970,True,2024-12-15,,Rua das Flores 154,,Centro,Braga,3636
CUST-562,Wallace,Slone,wallace.slone@sakilacustomer.org,+351 954280365,True,2025-01-04,,Av. da Liberdade 96,,Sul,Coimbra,7605
CUST-563,Ken,Prewitt,ken.prewitt@sakilacustomer.org,+351 920016741,True,2025-01-05,,Rua das Flores 4,,Centro,Lisboa,4113
CUST-564,Bob,Pfeiffer,bob.pfeiffer@sakilacustomer.org,+351 984403008,True,2024-12-18,,Av. Principal 29,,Centro,Porto,7057
CUST-565,Jaime,Nettles,jaime.nettles@sakilacustomer.org,+351 957102556,True,2025-01-07,,Av. da Liberdade 119,,Centro,Braga,9619
CUST-566,Casey,Mena,casey.mena@sakilacustomer.org,+351 937227428,True,2024-12-20,,Rua Central 144,,Centro,Faro,7852
CUST-567,Alfredo,Mcadams,alfredo.mcadams@sakilacustomer.org,+351 913785616,True,2025-01-09,,Av. da Liberdade 188,,Centro,Coimbra,6480
CUST-568,Alberto,Henning,alberto.henning@sakilacustomer.org,+351 979757660,True,2025-01-10,,Av. Principal 155,,Centro,Porto,8577
CUST-569,Dave,Gardiner,dave.gardiner@sakilacustomer.org,+351 952785885,True,2025-01-11,,Rua Central 12,,Norte,Lisboa,1509
CUST-570,Ivan,Cromwell,ivan.cromwell@sakilacustomer.org,+351 990978110,True,2025-01-12,,Av. da Liberdade 107,,Sul,Braga,2310
CUST-571,Johnnie,Chisholm,johnnie.chisholm@sakilacustomer.org,+351 921926887,True,2025-01-13,,Av. da Liberdade 186,,Norte,Faro,9013
CUST-572,Sidney,Burleson,sidney.burleson@sakilacustomer.org,+351 986513169,True,2024-12-26,,Av. Principal 150,,Sul,Coimbra,8977
CUST-573,Byron,Box,byron.box@sakilacustomer.org,+351 917476603,True,2025-01-15,2025-01-22,Rua das Flores 124,,Sul,Braga,7100
CUST-574,Julian,Vest,julian.vest@sakilacustomer.org,+351 968472150,True,2024-12-28,,Av. Principal 45,,Centro,Braga,2336
CUST-575,Isaac,Oglesby,isaac.oglesby@sakilacustomer.org,+351 928105950,True,2025-01-17,,Rua Central 95,,Sul,Braga,5033
CUST-576,Morris,Mccarter,morris.mccarter@sakilacustomer.org,+351 973592124,True,2025-01-18,,Rua Central 131,,Norte,Lisboa,3252
CUST-577,Clifton,Malcolm,clifton.malcolm@sakilacustomer.org,+351 943835095,True,2025-01-19,,Rua das Flores 82,,Sul,Braga,7989
CUST-578,Willard,Lumpkin,willard.lumpkin@sakilacustomer.org,+351 938919279,True,2025-01-20,,Av. da Liberdade 68,,Centro,Faro,7775
CUST-579,Daryl,Larue,daryl.larue@sakilacustomer.org,+351 983105515,True,2025-01-21,,Av. da Liberdade 135,,Norte,Porto,3032
CUST-580,Ross,Grey,ross.grey@sakilacustomer.org,+351 939403684,True,2024-12-17,,Av. Principal 82,,Sul,Faro,2972
CUST-581,Virgil,Wofford,virgil.wofford@sakilacustomer.org,+351 948920471,True,2024-12-18,2025-01-03,Av. da Liberdade 64,,Sul,Porto,7505
CUST-582,Andy,Vanhorn,andy.vanhorn@sakilacustomer.org,+351 932482407,True,2025-01-04,2025-01-16,Av. da Liberdade 64,,Centro,Coimbra,9361
CUST-583,Marshall,Thorn,marshall.thorn@sakilacustomer.org,+351 974996069,True,2025-01-05,2025-01-23,Rua das Flores 39,,Norte,Faro,9157
CUST-584,Salvador,Teel,salvador.teel@sakilacustomer.org,+351 962718026,True,2025-01-06,,Av. Principal 113,,Centro,Coimbra,8722
CUST-585,Perry,Swafford,perry.swafford@sakilacustomer.org,+351 910899959,True,2025-01-07,2025-01-13,Av. da Liberdade 61,,Sul,Faro,6872
CUST-586,Kirk,Stclair,kirk.stclair@sakilacustomer.org,+351 917099721,True,2025-01-08,,Av. Principal 80,,Centro,Porto,2849
CUST-587,Sergio,Stanfield,sergio.stanfield@sakilacustomer.org,+351 959739718,True,2025-01-09,,Av. da Liberdade 128,,Norte,Porto,5205
CUST-588,Marion,Ocampo,marion.ocampo@sakilacustomer.org,+351 993777642,True,2025-01-10,,Rua das Flores 102,,Sul,Lisboa,1815
CUST-589,Tracy,Herrmann,tracy.herrmann@sakilacustomer.org,+351 924118202,True,2025-01-11,,Rua Central 80,,Centro,Coimbra,4872
CUST-590,Seth,Hannon,seth.hannon@sakilacustomer.org,+351 954661817,True,2025-01-12,2025-01-20,Rua Central 82,,Centro,Lisboa,4177
CUST-591,Kent,Arsenault,kent.arsenault@sakilacustomer.org,+351 997922321,True,2025-01-13,2025-01-27,Rua Central 153,,Sul,Faro,2632
CUST-592,Terrance,Roush,terrance.roush@sakilacustomer.org,+351 974423791,False,2025-01-14,2025-01-31,Av. da Liberdade 184,,Norte,Porto,3578
CUST-593,Rene,Mcalister,rene.mcalister@sakilacustomer.org,+351 910928591,True,2025-01-15,,Av. da Liberdade 67,,Norte,Braga,1004
CUST-594,Eduardo,Hiatt,eduardo.hiatt@sakilacustomer.org,+351 930379858,True,2025-01-16,2025-01-26,Av. Principal 32,,Norte,Coimbra,5140
CUST-595,Terrence,Gunderson,terrence.gunderson@sakilacustomer.org,+351 937215843,True,2025-01-17,,Av. Principal 60,,Sul,Lisboa,6158
CUST-596,Enrique,Forsythe,enrique.forsythe@sakilacustomer.org,+351 991857187,True,2025-01-18,,Av. da Liberdade 88,,Norte,Porto,5554
CUST-597,Freddie,Duggan,freddie.duggan@sakilacustomer.org,+351 959799676,True,2025-01-19,,Rua Central 139,,Centro,Faro,5813
CUST-598,Wade,Delvalle,wade.delvalle@sakilacustomer.org,+351 962906771,True,2024-12-18,,Rua das Flores 165,,Sul,Lisboa,6880
CUST-599,Austin,Cintron,austin.cintron@sakilacustomer.org,+351 962784451,True,2025-01-21,,Av. da Liberdade 55,,Centro,Porto,9457
